Date,RBI_Policy_Stance
2011-01-03,Inflation-focused / monetary tightening
2011-01-04,Inflation-focused / monetary tightening
2011-01-05,Inflation-focused / monetary tightening
2011-01-06,Inflation-focused / monetary tightening
2011-01-07,Inflation-focused / monetary tightening
2011-01-10,Inflation-focused / monetary tightening
2011-01-11,Inflation-focused / monetary tightening
2011-01-12,Inflation-focused / monetary tightening
2011-01-13,Inflation-focused / monetary tightening
2011-01-14,Inflation-focused / monetary tightening
2011-01-17,Inflation-focused / monetary tightening
2011-01-18,Inflation-focused / monetary tightening
2011-01-19,Inflation-focused / monetary tightening
2011-01-20,Inflation-focused / monetary tightening
2011-01-21,Inflation-focused / monetary tightening
2011-01-24,Inflation-focused / monetary tightening
2011-01-25,Inflation-focused / monetary tightening
2011-01-26,Inflation-focused / monetary tightening
2011-01-27,Inflation-focused / monetary tightening
2011-01-28,Inflation-focused / monetary tightening
2011-01-31,Inflation-focused / monetary tightening
2011-02-01,Inflation-focused / monetary tightening
2011-02-02,Inflation-focused / monetary tightening
2011-02-03,Inflation-focused / monetary tightening
2011-02-04,Inflation-focused / monetary tightening
2011-02-07,Inflation-focused / monetary tightening
2011-02-08,Inflation-focused / monetary tightening
2011-02-09,Inflation-focused / monetary tightening
2011-02-10,Inflation-focused / monetary tightening
2011-02-11,Inflation-focused / monetary tightening
2011-02-14,Inflation-focused / monetary tightening
2011-02-15,Inflation-focused / monetary tightening
2011-02-16,Inflation-focused / monetary tightening
2011-02-17,Inflation-focused / monetary tightening
2011-02-18,Inflation-focused / monetary tightening
2011-02-21,Inflation-focused / monetary tightening
2011-02-22,Inflation-focused / monetary tightening
2011-02-23,Inflation-focused / monetary tightening
2011-02-24,Inflation-focused / monetary tightening
2011-02-25,Inflation-focused / monetary tightening
2011-02-28,Inflation-focused / monetary tightening
2011-03-01,Inflation-focused / monetary tightening
2011-03-02,Inflation-focused / monetary tightening
2011-03-03,Inflation-focused / monetary tightening
2011-03-04,Inflation-focused / monetary tightening
2011-03-07,Inflation-focused / monetary tightening
2011-03-08,Inflation-focused / monetary tightening
2011-03-09,Inflation-focused / monetary tightening
2011-03-10,Inflation-focused / monetary tightening
2011-03-11,Inflation-focused / monetary tightening
2011-03-14,Inflation-focused / monetary tightening
2011-03-15,Inflation-focused / monetary tightening
2011-03-16,Inflation-focused / monetary tightening
2011-03-17,Inflation-focused / monetary tightening
2011-03-18,Inflation-focused / monetary tightening
2011-03-21,Inflation-focused / monetary tightening
2011-03-22,Inflation-focused / monetary tightening
2011-03-23,Inflation-focused / monetary tightening
2011-03-24,Inflation-focused / monetary tightening
2011-03-25,Inflation-focused / monetary tightening
2011-03-28,Inflation-focused / monetary tightening
2011-03-29,Inflation-focused / monetary tightening
2011-03-30,Inflation-focused / monetary tightening
2011-03-31,Inflation-focused / monetary tightening
2011-04-01,Inflation-focused / monetary tightening
2011-04-04,Inflation-focused / monetary tightening
2011-04-05,Inflation-focused / monetary tightening
2011-04-06,Inflation-focused / monetary tightening
2011-04-07,Inflation-focused / monetary tightening
2011-04-08,Inflation-focused / monetary tightening
2011-04-11,Inflation-focused / monetary tightening
2011-04-12,Inflation-focused / monetary tightening
2011-04-13,Inflation-focused / monetary tightening
2011-04-14,Inflation-focused / monetary tightening
2011-04-15,Inflation-focused / monetary tightening
2011-04-18,Inflation-focused / monetary tightening
2011-04-19,Inflation-focused / monetary tightening
2011-04-20,Inflation-focused / monetary tightening
2011-04-21,Inflation-focused / monetary tightening
2011-04-22,Inflation-focused / monetary tightening
2011-04-25,Inflation-focused / monetary tightening
2011-04-26,Inflation-focused / monetary tightening
2011-04-27,Inflation-focused / monetary tightening
2011-04-28,Inflation-focused / monetary tightening
2011-04-29,Inflation-focused / monetary tightening
2011-05-02,Inflation-focused / monetary tightening
2011-05-03,Inflation-focused / monetary tightening
2011-05-04,Inflation-focused / monetary tightening
2011-05-05,Inflation-focused / monetary tightening
2011-05-06,Inflation-focused / monetary tightening
2011-05-09,Inflation-focused / monetary tightening
2011-05-10,Inflation-focused / monetary tightening
2011-05-11,Inflation-focused / monetary tightening
2011-05-12,Inflation-focused / monetary tightening
2011-05-13,Inflation-focused / monetary tightening
2011-05-16,Inflation-focused / monetary tightening
2011-05-17,Inflation-focused / monetary tightening
2011-05-18,Inflation-focused / monetary tightening
2011-05-19,Inflation-focused / monetary tightening
2011-05-20,Inflation-focused / monetary tightening
2011-05-23,Inflation-focused / monetary tightening
2011-05-24,Inflation-focused / monetary tightening
2011-05-25,Inflation-focused / monetary tightening
2011-05-26,Inflation-focused / monetary tightening
2011-05-27,Inflation-focused / monetary tightening
2011-05-30,Inflation-focused / monetary tightening
2011-05-31,Inflation-focused / monetary tightening
2011-06-01,Inflation-focused / monetary tightening
2011-06-02,Inflation-focused / monetary tightening
2011-06-03,Inflation-focused / monetary tightening
2011-06-06,Inflation-focused / monetary tightening
2011-06-07,Inflation-focused / monetary tightening
2011-06-08,Inflation-focused / monetary tightening
2011-06-09,Inflation-focused / monetary tightening
2011-06-10,Inflation-focused / monetary tightening
2011-06-13,Inflation-focused / monetary tightening
2011-06-14,Inflation-focused / monetary tightening
2011-06-15,Inflation-focused / monetary tightening
2011-06-16,Inflation-focused / monetary tightening
2011-06-17,Inflation-focused / monetary tightening
2011-06-20,Inflation-focused / monetary tightening
2011-06-21,Inflation-focused / monetary tightening
2011-06-22,Inflation-focused / monetary tightening
2011-06-23,Inflation-focused / monetary tightening
2011-06-24,Inflation-focused / monetary tightening
2011-06-27,Inflation-focused / monetary tightening
2011-06-28,Inflation-focused / monetary tightening
2011-06-29,Inflation-focused / monetary tightening
2011-06-30,Inflation-focused / monetary tightening
2011-07-01,Inflation-focused / monetary tightening
2011-07-04,Inflation-focused / monetary tightening
2011-07-05,Inflation-focused / monetary tightening
2011-07-06,Inflation-focused / monetary tightening
2011-07-07,Inflation-focused / monetary tightening
2011-07-08,Inflation-focused / monetary tightening
2011-07-11,Inflation-focused / monetary tightening
2011-07-12,Inflation-focused / monetary tightening
2011-07-13,Inflation-focused / monetary tightening
2011-07-14,Inflation-focused / monetary tightening
2011-07-15,Inflation-focused / monetary tightening
2011-07-18,Inflation-focused / monetary tightening
2011-07-19,Inflation-focused / monetary tightening
2011-07-20,Inflation-focused / monetary tightening
2011-07-21,Inflation-focused / monetary tightening
2011-07-22,Inflation-focused / monetary tightening
2011-07-25,Inflation-focused / monetary tightening
2011-07-26,Inflation-focused / monetary tightening
2011-07-27,Inflation-focused / monetary tightening
2011-07-28,Inflation-focused / monetary tightening
2011-07-29,Inflation-focused / monetary tightening
2011-08-01,Inflation-focused / monetary tightening
2011-08-02,Inflation-focused / monetary tightening
2011-08-03,Inflation-focused / monetary tightening
2011-08-04,Inflation-focused / monetary tightening
2011-08-05,Inflation-focused / monetary tightening
2011-08-08,Inflation-focused / monetary tightening
2011-08-09,Inflation-focused / monetary tightening
2011-08-10,Inflation-focused / monetary tightening
2011-08-11,Inflation-focused / monetary tightening
2011-08-12,Inflation-focused / monetary tightening
2011-08-15,Inflation-focused / monetary tightening
2011-08-16,Inflation-focused / monetary tightening
2011-08-17,Inflation-focused / monetary tightening
2011-08-18,Inflation-focused / monetary tightening
2011-08-19,Inflation-focused / monetary tightening
2011-08-22,Inflation-focused / monetary tightening
2011-08-23,Inflation-focused / monetary tightening
2011-08-24,Inflation-focused / monetary tightening
2011-08-25,Inflation-focused / monetary tightening
2011-08-26,Inflation-focused / monetary tightening
2011-08-29,Inflation-focused / monetary tightening
2011-08-30,Inflation-focused / monetary tightening
2011-08-31,Inflation-focused / monetary tightening
2011-09-01,Inflation-focused / monetary tightening
2011-09-02,Inflation-focused / monetary tightening
2011-09-05,Inflation-focused / monetary tightening
2011-09-06,Inflation-focused / monetary tightening
2011-09-07,Inflation-focused / monetary tightening
2011-09-08,Inflation-focused / monetary tightening
2011-09-09,Inflation-focused / monetary tightening
2011-09-12,Inflation-focused / monetary tightening
2011-09-13,Inflation-focused / monetary tightening
2011-09-14,Inflation-focused / monetary tightening
2011-09-15,Inflation-focused / monetary tightening
2011-09-16,Inflation-focused / monetary tightening
2011-09-19,Inflation-focused / monetary tightening
2011-09-20,Inflation-focused / monetary tightening
2011-09-21,Inflation-focused / monetary tightening
2011-09-22,Inflation-focused / monetary tightening
2011-09-23,Inflation-focused / monetary tightening
2011-09-26,Inflation-focused / monetary tightening
2011-09-27,Inflation-focused / monetary tightening
2011-09-28,Inflation-focused / monetary tightening
2011-09-29,Inflation-focused / monetary tightening
2011-09-30,Inflation-focused / monetary tightening
2011-10-03,Inflation-focused / monetary tightening
2011-10-04,Inflation-focused / monetary tightening
2011-10-05,Inflation-focused / monetary tightening
2011-10-06,Inflation-focused / monetary tightening
2011-10-07,Inflation-focused / monetary tightening
2011-10-10,Inflation-focused / monetary tightening
2011-10-11,Inflation-focused / monetary tightening
2011-10-12,Inflation-focused / monetary tightening
2011-10-13,Inflation-focused / monetary tightening
2011-10-14,Inflation-focused / monetary tightening
2011-10-17,Inflation-focused / monetary tightening
2011-10-18,Inflation-focused / monetary tightening
2011-10-19,Inflation-focused / monetary tightening
2011-10-20,Inflation-focused / monetary tightening
2011-10-21,Inflation-focused / monetary tightening
2011-10-24,Inflation-focused / monetary tightening
2011-10-25,Inflation-focused / monetary tightening
2011-10-26,Inflation-focused / monetary tightening
2011-10-27,Inflation-focused / monetary tightening
2011-10-28,Inflation-focused / monetary tightening
2011-10-31,Inflation-focused / monetary tightening
2011-11-01,Inflation-focused / monetary tightening
2011-11-02,Inflation-focused / monetary tightening
2011-11-03,Inflation-focused / monetary tightening
2011-11-04,Inflation-focused / monetary tightening
2011-11-07,Inflation-focused / monetary tightening
2011-11-08,Inflation-focused / monetary tightening
2011-11-09,Inflation-focused / monetary tightening
2011-11-10,Inflation-focused / monetary tightening
2011-11-11,Inflation-focused / monetary tightening
2011-11-14,Inflation-focused / monetary tightening
2011-11-15,Inflation-focused / monetary tightening
2011-11-16,Inflation-focused / monetary tightening
2011-11-17,Inflation-focused / monetary tightening
2011-11-18,Inflation-focused / monetary tightening
2011-11-21,Inflation-focused / monetary tightening
2011-11-22,Inflation-focused / monetary tightening
2011-11-23,Inflation-focused / monetary tightening
2011-11-24,Inflation-focused / monetary tightening
2011-11-25,Inflation-focused / monetary tightening
2011-11-28,Inflation-focused / monetary tightening
2011-11-29,Inflation-focused / monetary tightening
2011-11-30,Inflation-focused / monetary tightening
2011-12-01,Inflation-focused / monetary tightening
2011-12-02,Inflation-focused / monetary tightening
2011-12-05,Inflation-focused / monetary tightening
2011-12-06,Inflation-focused / monetary tightening
2011-12-07,Inflation-focused / monetary tightening
2011-12-08,Inflation-focused / monetary tightening
2011-12-09,Inflation-focused / monetary tightening
2011-12-12,Inflation-focused / monetary tightening
2011-12-13,Inflation-focused / monetary tightening
2011-12-14,Inflation-focused / monetary tightening
2011-12-15,Inflation-focused / monetary tightening
2011-12-16,Inflation-focused / monetary tightening
2011-12-19,Inflation-focused / monetary tightening
2011-12-20,Inflation-focused / monetary tightening
2011-12-21,Inflation-focused / monetary tightening
2011-12-22,Inflation-focused / monetary tightening
2011-12-23,Inflation-focused / monetary tightening
2011-12-26,Inflation-focused / monetary tightening
2011-12-27,Inflation-focused / monetary tightening
2011-12-28,Inflation-focused / monetary tightening
2011-12-29,Inflation-focused / monetary tightening
2011-12-30,Inflation-focused / monetary tightening
2012-01-02,Inflation-focused / monetary tightening
2012-01-03,Inflation-focused / monetary tightening
2012-01-04,Inflation-focused / monetary tightening
2012-01-05,Inflation-focused / monetary tightening
2012-01-06,Inflation-focused / monetary tightening
2012-01-09,Inflation-focused / monetary tightening
2012-01-10,Inflation-focused / monetary tightening
2012-01-11,Inflation-focused / monetary tightening
2012-01-12,Inflation-focused / monetary tightening
2012-01-13,Inflation-focused / monetary tightening
2012-01-16,Inflation-focused / monetary tightening
2012-01-17,Inflation-focused / monetary tightening
2012-01-18,Inflation-focused / monetary tightening
2012-01-19,Inflation-focused / monetary tightening
2012-01-20,Inflation-focused / monetary tightening
2012-01-23,Inflation-focused / monetary tightening
2012-01-24,Inflation-focused / monetary tightening
2012-01-25,Inflation-focused / monetary tightening
2012-01-26,Inflation-focused / monetary tightening
2012-01-27,Inflation-focused / monetary tightening
2012-01-30,Inflation-focused / monetary tightening
2012-01-31,Inflation-focused / monetary tightening
2012-02-01,Inflation-focused / monetary tightening
2012-02-02,Inflation-focused / monetary tightening
2012-02-03,Inflation-focused / monetary tightening
2012-02-06,Inflation-focused / monetary tightening
2012-02-07,Inflation-focused / monetary tightening
2012-02-08,Inflation-focused / monetary tightening
2012-02-09,Inflation-focused / monetary tightening
2012-02-10,Inflation-focused / monetary tightening
2012-02-13,Inflation-focused / monetary tightening
2012-02-14,Inflation-focused / monetary tightening
2012-02-15,Inflation-focused / monetary tightening
2012-02-16,Inflation-focused / monetary tightening
2012-02-17,Inflation-focused / monetary tightening
2012-02-20,Inflation-focused / monetary tightening
2012-02-21,Inflation-focused / monetary tightening
2012-02-22,Inflation-focused / monetary tightening
2012-02-23,Inflation-focused / monetary tightening
2012-02-24,Inflation-focused / monetary tightening
2012-02-27,Inflation-focused / monetary tightening
2012-02-28,Inflation-focused / monetary tightening
2012-02-29,Inflation-focused / monetary tightening
2012-03-01,Inflation-focused / monetary tightening
2012-03-02,Inflation-focused / monetary tightening
2012-03-05,Inflation-focused / monetary tightening
2012-03-06,Inflation-focused / monetary tightening
2012-03-07,Inflation-focused / monetary tightening
2012-03-08,Inflation-focused / monetary tightening
2012-03-09,Inflation-focused / monetary tightening
2012-03-12,Inflation-focused / monetary tightening
2012-03-13,Inflation-focused / monetary tightening
2012-03-14,Inflation-focused / monetary tightening
2012-03-15,Inflation-focused / monetary tightening
2012-03-16,Inflation-focused / monetary tightening
2012-03-19,Inflation-focused / monetary tightening
2012-03-20,Inflation-focused / monetary tightening
2012-03-21,Inflation-focused / monetary tightening
2012-03-22,Inflation-focused / monetary tightening
2012-03-23,Inflation-focused / monetary tightening
2012-03-26,Inflation-focused / monetary tightening
2012-03-27,Inflation-focused / monetary tightening
2012-03-28,Inflation-focused / monetary tightening
2012-03-29,Inflation-focused / monetary tightening
2012-03-30,Inflation-focused / monetary tightening
2012-04-02,Calibrated easing
2012-04-03,Calibrated easing
2012-04-04,Calibrated easing
2012-04-05,Calibrated easing
2012-04-06,Calibrated easing
2012-04-09,Calibrated easing
2012-04-10,Calibrated easing
2012-04-11,Calibrated easing
2012-04-12,Calibrated easing
2012-04-13,Calibrated easing
2012-04-16,Calibrated easing
2012-04-17,Calibrated easing
2012-04-18,Calibrated easing
2012-04-19,Calibrated easing
2012-04-20,Calibrated easing
2012-04-23,Calibrated easing
2012-04-24,Calibrated easing
2012-04-25,Calibrated easing
2012-04-26,Calibrated easing
2012-04-27,Calibrated easing
2012-04-30,Calibrated easing
2012-05-01,Calibrated easing
2012-05-02,Calibrated easing
2012-05-03,Calibrated easing
2012-05-04,Calibrated easing
2012-05-07,Calibrated easing
2012-05-08,Calibrated easing
2012-05-09,Calibrated easing
2012-05-10,Calibrated easing
2012-05-11,Calibrated easing
2012-05-14,Calibrated easing
2012-05-15,Calibrated easing
2012-05-16,Calibrated easing
2012-05-17,Calibrated easing
2012-05-18,Calibrated easing
2012-05-21,Calibrated easing
2012-05-22,Calibrated easing
2012-05-23,Calibrated easing
2012-05-24,Calibrated easing
2012-05-25,Calibrated easing
2012-05-28,Calibrated easing
2012-05-29,Calibrated easing
2012-05-30,Calibrated easing
2012-05-31,Calibrated easing
2012-06-01,Calibrated easing
2012-06-04,Calibrated easing
2012-06-05,Calibrated easing
2012-06-06,Calibrated easing
2012-06-07,Calibrated easing
2012-06-08,Calibrated easing
2012-06-11,Calibrated easing
2012-06-12,Calibrated easing
2012-06-13,Calibrated easing
2012-06-14,Calibrated easing
2012-06-15,Calibrated easing
2012-06-18,Calibrated easing
2012-06-19,Calibrated easing
2012-06-20,Calibrated easing
2012-06-21,Calibrated easing
2012-06-22,Calibrated easing
2012-06-25,Calibrated easing
2012-06-26,Calibrated easing
2012-06-27,Calibrated easing
2012-06-28,Calibrated easing
2012-06-29,Calibrated easing
2012-07-02,Calibrated easing
2012-07-03,Calibrated easing
2012-07-04,Calibrated easing
2012-07-05,Calibrated easing
2012-07-06,Calibrated easing
2012-07-09,Calibrated easing
2012-07-10,Calibrated easing
2012-07-11,Calibrated easing
2012-07-12,Calibrated easing
2012-07-13,Calibrated easing
2012-07-16,Calibrated easing
2012-07-17,Calibrated easing
2012-07-18,Calibrated easing
2012-07-19,Calibrated easing
2012-07-20,Calibrated easing
2012-07-23,Calibrated easing
2012-07-24,Calibrated easing
2012-07-25,Calibrated easing
2012-07-26,Calibrated easing
2012-07-27,Calibrated easing
2012-07-30,Calibrated easing
2012-07-31,Calibrated easing
2012-08-01,Calibrated easing
2012-08-02,Calibrated easing
2012-08-03,Calibrated easing
2012-08-06,Calibrated easing
2012-08-07,Calibrated easing
2012-08-08,Calibrated easing
2012-08-09,Calibrated easing
2012-08-10,Calibrated easing
2012-08-13,Calibrated easing
2012-08-14,Calibrated easing
2012-08-15,Calibrated easing
2012-08-16,Calibrated easing
2012-08-17,Calibrated easing
2012-08-20,Calibrated easing
2012-08-21,Calibrated easing
2012-08-22,Calibrated easing
2012-08-23,Calibrated easing
2012-08-24,Calibrated easing
2012-08-27,Calibrated easing
2012-08-28,Calibrated easing
2012-08-29,Calibrated easing
2012-08-30,Calibrated easing
2012-08-31,Calibrated easing
2012-09-03,Calibrated easing
2012-09-04,Calibrated easing
2012-09-05,Calibrated easing
2012-09-06,Calibrated easing
2012-09-07,Calibrated easing
2012-09-10,Calibrated easing
2012-09-11,Calibrated easing
2012-09-12,Calibrated easing
2012-09-13,Calibrated easing
2012-09-14,Calibrated easing
2012-09-17,Calibrated easing
2012-09-18,Calibrated easing
2012-09-19,Calibrated easing
2012-09-20,Calibrated easing
2012-09-21,Calibrated easing
2012-09-24,Calibrated easing
2012-09-25,Calibrated easing
2012-09-26,Calibrated easing
2012-09-27,Calibrated easing
2012-09-28,Calibrated easing
2012-10-01,Calibrated easing
2012-10-02,Calibrated easing
2012-10-03,Calibrated easing
2012-10-04,Calibrated easing
2012-10-05,Calibrated easing
2012-10-08,Calibrated easing
2012-10-09,Calibrated easing
2012-10-10,Calibrated easing
2012-10-11,Calibrated easing
2012-10-12,Calibrated easing
2012-10-15,Calibrated easing
2012-10-16,Calibrated easing
2012-10-17,Calibrated easing
2012-10-18,Calibrated easing
2012-10-19,Calibrated easing
2012-10-22,Calibrated easing
2012-10-23,Calibrated easing
2012-10-24,Calibrated easing
2012-10-25,Calibrated easing
2012-10-26,Calibrated easing
2012-10-29,Calibrated easing
2012-10-30,Calibrated easing
2012-10-31,Calibrated easing
2012-11-01,Calibrated easing
2012-11-02,Calibrated easing
2012-11-05,Calibrated easing
2012-11-06,Calibrated easing
2012-11-07,Calibrated easing
2012-11-08,Calibrated easing
2012-11-09,Calibrated easing
2012-11-12,Calibrated easing
2012-11-13,Calibrated easing
2012-11-14,Calibrated easing
2012-11-15,Calibrated easing
2012-11-16,Calibrated easing
2012-11-19,Calibrated easing
2012-11-20,Calibrated easing
2012-11-21,Calibrated easing
2012-11-22,Calibrated easing
2012-11-23,Calibrated easing
2012-11-26,Calibrated easing
2012-11-27,Calibrated easing
2012-11-28,Calibrated easing
2012-11-29,Calibrated easing
2012-11-30,Calibrated easing
2012-12-03,Calibrated easing
2012-12-04,Calibrated easing
2012-12-05,Calibrated easing
2012-12-06,Calibrated easing
2012-12-07,Calibrated easing
2012-12-10,Calibrated easing
2012-12-11,Calibrated easing
2012-12-12,Calibrated easing
2012-12-13,Calibrated easing
2012-12-14,Calibrated easing
2012-12-17,Calibrated easing
2012-12-18,Calibrated easing
2012-12-19,Calibrated easing
2012-12-20,Calibrated easing
2012-12-21,Calibrated easing
2012-12-24,Calibrated easing
2012-12-25,Calibrated easing
2012-12-26,Calibrated easing
2012-12-27,Calibrated easing
2012-12-28,Calibrated easing
2012-12-31,Calibrated easing
2013-01-01,Calibrated easing
2013-01-02,Calibrated easing
2013-01-03,Calibrated easing
2013-01-04,Calibrated easing
2013-01-07,Calibrated easing
2013-01-08,Calibrated easing
2013-01-09,Calibrated easing
2013-01-10,Calibrated easing
2013-01-11,Calibrated easing
2013-01-14,Calibrated easing
2013-01-15,Calibrated easing
2013-01-16,Calibrated easing
2013-01-17,Calibrated easing
2013-01-18,Calibrated easing
2013-01-21,Calibrated easing
2013-01-22,Calibrated easing
2013-01-23,Calibrated easing
2013-01-24,Calibrated easing
2013-01-25,Calibrated easing
2013-01-28,Calibrated easing
2013-01-29,Calibrated easing
2013-01-30,Calibrated easing
2013-01-31,Calibrated easing
2013-02-01,Calibrated easing
2013-02-04,Calibrated easing
2013-02-05,Calibrated easing
2013-02-06,Calibrated easing
2013-02-07,Calibrated easing
2013-02-08,Calibrated easing
2013-02-11,Calibrated easing
2013-02-12,Calibrated easing
2013-02-13,Calibrated easing
2013-02-14,Calibrated easing
2013-02-15,Calibrated easing
2013-02-18,Calibrated easing
2013-02-19,Calibrated easing
2013-02-20,Calibrated easing
2013-02-21,Calibrated easing
2013-02-22,Calibrated easing
2013-02-25,Calibrated easing
2013-02-26,Calibrated easing
2013-02-27,Calibrated easing
2013-02-28,Calibrated easing
2013-03-01,Calibrated easing
2013-03-04,Calibrated easing
2013-03-05,Calibrated easing
2013-03-06,Calibrated easing
2013-03-07,Calibrated easing
2013-03-08,Calibrated easing
2013-03-11,Calibrated easing
2013-03-12,Calibrated easing
2013-03-13,Calibrated easing
2013-03-14,Calibrated easing
2013-03-15,Calibrated easing
2013-03-18,Calibrated easing
2013-03-19,Calibrated easing
2013-03-20,Calibrated easing
2013-03-21,Calibrated easing
2013-03-22,Calibrated easing
2013-03-25,Calibrated easing
2013-03-26,Calibrated easing
2013-03-27,Calibrated easing
2013-03-28,Calibrated easing
2013-03-29,Calibrated easing
2013-04-01,Calibrated easing
2013-04-02,Calibrated easing
2013-04-03,Calibrated easing
2013-04-04,Calibrated easing
2013-04-05,Calibrated easing
2013-04-08,Calibrated easing
2013-04-09,Calibrated easing
2013-04-10,Calibrated easing
2013-04-11,Calibrated easing
2013-04-12,Calibrated easing
2013-04-15,Calibrated easing
2013-04-16,Calibrated easing
2013-04-17,Calibrated easing
2013-04-18,Calibrated easing
2013-04-19,Calibrated easing
2013-04-22,Calibrated easing
2013-04-23,Calibrated easing
2013-04-24,Calibrated easing
2013-04-25,Calibrated easing
2013-04-26,Calibrated easing
2013-04-29,Calibrated easing
2013-04-30,Calibrated easing
2013-05-01,Calibrated easing
2013-05-02,Calibrated easing
2013-05-03,Calibrated easing
2013-05-06,Calibrated easing
2013-05-07,Calibrated easing
2013-05-08,Calibrated easing
2013-05-09,Calibrated easing
2013-05-10,Calibrated easing
2013-05-13,Calibrated easing
2013-05-14,Calibrated easing
2013-05-15,Calibrated easing
2013-05-16,Calibrated easing
2013-05-17,Calibrated easing
2013-05-20,Calibrated easing
2013-05-21,Calibrated easing
2013-05-22,Calibrated easing
2013-05-23,Calibrated easing
2013-05-24,Calibrated easing
2013-05-27,Calibrated easing
2013-05-28,Calibrated easing
2013-05-29,Calibrated easing
2013-05-30,Calibrated easing
2013-05-31,Calibrated easing
2013-06-03,Exceptional liquidity tightening
2013-06-04,Exceptional liquidity tightening
2013-06-05,Exceptional liquidity tightening
2013-06-06,Exceptional liquidity tightening
2013-06-07,Exceptional liquidity tightening
2013-06-10,Exceptional liquidity tightening
2013-06-11,Exceptional liquidity tightening
2013-06-12,Exceptional liquidity tightening
2013-06-13,Exceptional liquidity tightening
2013-06-14,Exceptional liquidity tightening
2013-06-17,Exceptional liquidity tightening
2013-06-18,Exceptional liquidity tightening
2013-06-19,Exceptional liquidity tightening
2013-06-20,Exceptional liquidity tightening
2013-06-21,Exceptional liquidity tightening
2013-06-24,Exceptional liquidity tightening
2013-06-25,Exceptional liquidity tightening
2013-06-26,Exceptional liquidity tightening
2013-06-27,Exceptional liquidity tightening
2013-06-28,Exceptional liquidity tightening
2013-07-01,Exceptional liquidity tightening
2013-07-02,Exceptional liquidity tightening
2013-07-03,Exceptional liquidity tightening
2013-07-04,Exceptional liquidity tightening
2013-07-05,Exceptional liquidity tightening
2013-07-08,Exceptional liquidity tightening
2013-07-09,Exceptional liquidity tightening
2013-07-10,Exceptional liquidity tightening
2013-07-11,Exceptional liquidity tightening
2013-07-12,Exceptional liquidity tightening
2013-07-15,Exceptional liquidity tightening
2013-07-16,Exceptional liquidity tightening
2013-07-17,Exceptional liquidity tightening
2013-07-18,Exceptional liquidity tightening
2013-07-19,Exceptional liquidity tightening
2013-07-22,Exceptional liquidity tightening
2013-07-23,Exceptional liquidity tightening
2013-07-24,Exceptional liquidity tightening
2013-07-25,Exceptional liquidity tightening
2013-07-26,Exceptional liquidity tightening
2013-07-29,Exceptional liquidity tightening
2013-07-30,Exceptional liquidity tightening
2013-07-31,Exceptional liquidity tightening
2013-08-01,Exceptional liquidity tightening
2013-08-02,Exceptional liquidity tightening
2013-08-05,Exceptional liquidity tightening
2013-08-06,Exceptional liquidity tightening
2013-08-07,Exceptional liquidity tightening
2013-08-08,Exceptional liquidity tightening
2013-08-09,Exceptional liquidity tightening
2013-08-12,Exceptional liquidity tightening
2013-08-13,Exceptional liquidity tightening
2013-08-14,Exceptional liquidity tightening
2013-08-15,Exceptional liquidity tightening
2013-08-16,Exceptional liquidity tightening
2013-08-19,Exceptional liquidity tightening
2013-08-20,Exceptional liquidity tightening
2013-08-21,Exceptional liquidity tightening
2013-08-22,Exceptional liquidity tightening
2013-08-23,Exceptional liquidity tightening
2013-08-26,Exceptional liquidity tightening
2013-08-27,Exceptional liquidity tightening
2013-08-28,Exceptional liquidity tightening
2013-08-29,Exceptional liquidity tightening
2013-08-30,Exceptional liquidity tightening
2013-09-02,Calibrated withdrawal of exceptional liquidity tightening measures
2013-09-03,Calibrated withdrawal of exceptional liquidity tightening measures
2013-09-04,Calibrated withdrawal of exceptional liquidity tightening measures
2013-09-05,Calibrated withdrawal of exceptional liquidity tightening measures
2013-09-06,Calibrated withdrawal of exceptional liquidity tightening measures
2013-09-09,Calibrated withdrawal of exceptional liquidity tightening measures
2013-09-10,Calibrated withdrawal of exceptional liquidity tightening measures
2013-09-11,Calibrated withdrawal of exceptional liquidity tightening measures
2013-09-12,Calibrated withdrawal of exceptional liquidity tightening measures
2013-09-13,Calibrated withdrawal of exceptional liquidity tightening measures
2013-09-16,Calibrated withdrawal of exceptional liquidity tightening measures
2013-09-17,Calibrated withdrawal of exceptional liquidity tightening measures
2013-09-18,Calibrated withdrawal of exceptional liquidity tightening measures
2013-09-19,Calibrated withdrawal of exceptional liquidity tightening measures
2013-09-20,Calibrated withdrawal of exceptional liquidity tightening measures
2013-09-23,Calibrated withdrawal of exceptional liquidity tightening measures
2013-09-24,Calibrated withdrawal of exceptional liquidity tightening measures
2013-09-25,Calibrated withdrawal of exceptional liquidity tightening measures
2013-09-26,Calibrated withdrawal of exceptional liquidity tightening measures
2013-09-27,Calibrated withdrawal of exceptional liquidity tightening measures
2013-09-30,Calibrated withdrawal of exceptional liquidity tightening measures
2013-10-01,Calibrated withdrawal of exceptional liquidity tightening measures
2013-10-02,Calibrated withdrawal of exceptional liquidity tightening measures
2013-10-03,Calibrated withdrawal of exceptional liquidity tightening measures
2013-10-04,Calibrated withdrawal of exceptional liquidity tightening measures
2013-10-07,Calibrated withdrawal of exceptional liquidity tightening measures
2013-10-08,Calibrated withdrawal of exceptional liquidity tightening measures
2013-10-09,Calibrated withdrawal of exceptional liquidity tightening measures
2013-10-10,Calibrated withdrawal of exceptional liquidity tightening measures
2013-10-11,Calibrated withdrawal of exceptional liquidity tightening measures
2013-10-14,Calibrated withdrawal of exceptional liquidity tightening measures
2013-10-15,Calibrated withdrawal of exceptional liquidity tightening measures
2013-10-16,Calibrated withdrawal of exceptional liquidity tightening measures
2013-10-17,Calibrated withdrawal of exceptional liquidity tightening measures
2013-10-18,Calibrated withdrawal of exceptional liquidity tightening measures
2013-10-21,Calibrated withdrawal of exceptional liquidity tightening measures
2013-10-22,Calibrated withdrawal of exceptional liquidity tightening measures
2013-10-23,Calibrated withdrawal of exceptional liquidity tightening measures
2013-10-24,Calibrated withdrawal of exceptional liquidity tightening measures
2013-10-25,Calibrated withdrawal of exceptional liquidity tightening measures
2013-10-28,Calibrated withdrawal of exceptional liquidity tightening measures
2013-10-29,Calibrated withdrawal of exceptional liquidity tightening measures
2013-10-30,Calibrated withdrawal of exceptional liquidity tightening measures
2013-10-31,Calibrated withdrawal of exceptional liquidity tightening measures
2013-11-01,Calibrated withdrawal of exceptional liquidity tightening measures
2013-11-04,Calibrated withdrawal of exceptional liquidity tightening measures
2013-11-05,Calibrated withdrawal of exceptional liquidity tightening measures
2013-11-06,Calibrated withdrawal of exceptional liquidity tightening measures
2013-11-07,Calibrated withdrawal of exceptional liquidity tightening measures
2013-11-08,Calibrated withdrawal of exceptional liquidity tightening measures
2013-11-11,Calibrated withdrawal of exceptional liquidity tightening measures
2013-11-12,Calibrated withdrawal of exceptional liquidity tightening measures
2013-11-13,Calibrated withdrawal of exceptional liquidity tightening measures
2013-11-14,Calibrated withdrawal of exceptional liquidity tightening measures
2013-11-15,Calibrated withdrawal of exceptional liquidity tightening measures
2013-11-18,Calibrated withdrawal of exceptional liquidity tightening measures
2013-11-19,Calibrated withdrawal of exceptional liquidity tightening measures
2013-11-20,Calibrated withdrawal of exceptional liquidity tightening measures
2013-11-21,Calibrated withdrawal of exceptional liquidity tightening measures
2013-11-22,Calibrated withdrawal of exceptional liquidity tightening measures
2013-11-25,Calibrated withdrawal of exceptional liquidity tightening measures
2013-11-26,Calibrated withdrawal of exceptional liquidity tightening measures
2013-11-27,Calibrated withdrawal of exceptional liquidity tightening measures
2013-11-28,Calibrated withdrawal of exceptional liquidity tightening measures
2013-11-29,Calibrated withdrawal of exceptional liquidity tightening measures
2013-12-02,Calibrated withdrawal of exceptional liquidity tightening measures
2013-12-03,Calibrated withdrawal of exceptional liquidity tightening measures
2013-12-04,Calibrated withdrawal of exceptional liquidity tightening measures
2013-12-05,Calibrated withdrawal of exceptional liquidity tightening measures
2013-12-06,Calibrated withdrawal of exceptional liquidity tightening measures
2013-12-09,Calibrated withdrawal of exceptional liquidity tightening measures
2013-12-10,Calibrated withdrawal of exceptional liquidity tightening measures
2013-12-11,Calibrated withdrawal of exceptional liquidity tightening measures
2013-12-12,Calibrated withdrawal of exceptional liquidity tightening measures
2013-12-13,Calibrated withdrawal of exceptional liquidity tightening measures
2013-12-16,Calibrated withdrawal of exceptional liquidity tightening measures
2013-12-17,Calibrated withdrawal of exceptional liquidity tightening measures
2013-12-18,Calibrated withdrawal of exceptional liquidity tightening measures
2013-12-19,Calibrated withdrawal of exceptional liquidity tightening measures
2013-12-20,Calibrated withdrawal of exceptional liquidity tightening measures
2013-12-23,Calibrated withdrawal of exceptional liquidity tightening measures
2013-12-24,Calibrated withdrawal of exceptional liquidity tightening measures
2013-12-25,Calibrated withdrawal of exceptional liquidity tightening measures
2013-12-26,Calibrated withdrawal of exceptional liquidity tightening measures
2013-12-27,Calibrated withdrawal of exceptional liquidity tightening measures
2013-12-30,Calibrated withdrawal of exceptional liquidity tightening measures
2013-12-31,Calibrated withdrawal of exceptional liquidity tightening measures
2014-01-01,Disinflationary monetary policy stance
2014-01-02,Disinflationary monetary policy stance
2014-01-03,Disinflationary monetary policy stance
2014-01-06,Disinflationary monetary policy stance
2014-01-07,Disinflationary monetary policy stance
2014-01-08,Disinflationary monetary policy stance
2014-01-09,Disinflationary monetary policy stance
2014-01-10,Disinflationary monetary policy stance
2014-01-13,Disinflationary monetary policy stance
2014-01-14,Disinflationary monetary policy stance
2014-01-15,Disinflationary monetary policy stance
2014-01-16,Disinflationary monetary policy stance
2014-01-17,Disinflationary monetary policy stance
2014-01-20,Disinflationary monetary policy stance
2014-01-21,Disinflationary monetary policy stance
2014-01-22,Disinflationary monetary policy stance
2014-01-23,Disinflationary monetary policy stance
2014-01-24,Disinflationary monetary policy stance
2014-01-27,Disinflationary monetary policy stance
2014-01-28,Disinflationary monetary policy stance
2014-01-29,Disinflationary monetary policy stance
2014-01-30,Disinflationary monetary policy stance
2014-01-31,Disinflationary monetary policy stance
2014-02-03,Disinflationary monetary policy stance
2014-02-04,Disinflationary monetary policy stance
2014-02-05,Disinflationary monetary policy stance
2014-02-06,Disinflationary monetary policy stance
2014-02-07,Disinflationary monetary policy stance
2014-02-10,Disinflationary monetary policy stance
2014-02-11,Disinflationary monetary policy stance
2014-02-12,Disinflationary monetary policy stance
2014-02-13,Disinflationary monetary policy stance
2014-02-14,Disinflationary monetary policy stance
2014-02-17,Disinflationary monetary policy stance
2014-02-18,Disinflationary monetary policy stance
2014-02-19,Disinflationary monetary policy stance
2014-02-20,Disinflationary monetary policy stance
2014-02-21,Disinflationary monetary policy stance
2014-02-24,Disinflationary monetary policy stance
2014-02-25,Disinflationary monetary policy stance
2014-02-26,Disinflationary monetary policy stance
2014-02-27,Disinflationary monetary policy stance
2014-02-28,Disinflationary monetary policy stance
2014-03-03,Disinflationary monetary policy stance
2014-03-04,Disinflationary monetary policy stance
2014-03-05,Disinflationary monetary policy stance
2014-03-06,Disinflationary monetary policy stance
2014-03-07,Disinflationary monetary policy stance
2014-03-10,Disinflationary monetary policy stance
2014-03-11,Disinflationary monetary policy stance
2014-03-12,Disinflationary monetary policy stance
2014-03-13,Disinflationary monetary policy stance
2014-03-14,Disinflationary monetary policy stance
2014-03-17,Disinflationary monetary policy stance
2014-03-18,Disinflationary monetary policy stance
2014-03-19,Disinflationary monetary policy stance
2014-03-20,Disinflationary monetary policy stance
2014-03-21,Disinflationary monetary policy stance
2014-03-24,Disinflationary monetary policy stance
2014-03-25,Disinflationary monetary policy stance
2014-03-26,Disinflationary monetary policy stance
2014-03-27,Disinflationary monetary policy stance
2014-03-28,Disinflationary monetary policy stance
2014-03-31,Disinflationary monetary policy stance
2014-04-01,Disinflationary monetary policy stance
2014-04-02,Disinflationary monetary policy stance
2014-04-03,Disinflationary monetary policy stance
2014-04-04,Disinflationary monetary policy stance
2014-04-07,Disinflationary monetary policy stance
2014-04-08,Disinflationary monetary policy stance
2014-04-09,Disinflationary monetary policy stance
2014-04-10,Disinflationary monetary policy stance
2014-04-11,Disinflationary monetary policy stance
2014-04-14,Disinflationary monetary policy stance
2014-04-15,Disinflationary monetary policy stance
2014-04-16,Disinflationary monetary policy stance
2014-04-17,Disinflationary monetary policy stance
2014-04-18,Disinflationary monetary policy stance
2014-04-21,Disinflationary monetary policy stance
2014-04-22,Disinflationary monetary policy stance
2014-04-23,Disinflationary monetary policy stance
2014-04-24,Disinflationary monetary policy stance
2014-04-25,Disinflationary monetary policy stance
2014-04-28,Disinflationary monetary policy stance
2014-04-29,Disinflationary monetary policy stance
2014-04-30,Disinflationary monetary policy stance
2014-05-01,Disinflationary monetary policy stance
2014-05-02,Disinflationary monetary policy stance
2014-05-05,Disinflationary monetary policy stance
2014-05-06,Disinflationary monetary policy stance
2014-05-07,Disinflationary monetary policy stance
2014-05-08,Disinflationary monetary policy stance
2014-05-09,Disinflationary monetary policy stance
2014-05-12,Disinflationary monetary policy stance
2014-05-13,Disinflationary monetary policy stance
2014-05-14,Disinflationary monetary policy stance
2014-05-15,Disinflationary monetary policy stance
2014-05-16,Disinflationary monetary policy stance
2014-05-19,Disinflationary monetary policy stance
2014-05-20,Disinflationary monetary policy stance
2014-05-21,Disinflationary monetary policy stance
2014-05-22,Disinflationary monetary policy stance
2014-05-23,Disinflationary monetary policy stance
2014-05-26,Disinflationary monetary policy stance
2014-05-27,Disinflationary monetary policy stance
2014-05-28,Disinflationary monetary policy stance
2014-05-29,Disinflationary monetary policy stance
2014-05-30,Disinflationary monetary policy stance
2014-06-02,Disinflationary monetary policy stance
2014-06-03,Disinflationary monetary policy stance
2014-06-04,Disinflationary monetary policy stance
2014-06-05,Disinflationary monetary policy stance
2014-06-06,Disinflationary monetary policy stance
2014-06-09,Disinflationary monetary policy stance
2014-06-10,Disinflationary monetary policy stance
2014-06-11,Disinflationary monetary policy stance
2014-06-12,Disinflationary monetary policy stance
2014-06-13,Disinflationary monetary policy stance
2014-06-16,Disinflationary monetary policy stance
2014-06-17,Disinflationary monetary policy stance
2014-06-18,Disinflationary monetary policy stance
2014-06-19,Disinflationary monetary policy stance
2014-06-20,Disinflationary monetary policy stance
2014-06-23,Disinflationary monetary policy stance
2014-06-24,Disinflationary monetary policy stance
2014-06-25,Disinflationary monetary policy stance
2014-06-26,Disinflationary monetary policy stance
2014-06-27,Disinflationary monetary policy stance
2014-06-30,Disinflationary monetary policy stance
2014-07-01,Disinflationary monetary policy stance
2014-07-02,Disinflationary monetary policy stance
2014-07-03,Disinflationary monetary policy stance
2014-07-04,Disinflationary monetary policy stance
2014-07-07,Disinflationary monetary policy stance
2014-07-08,Disinflationary monetary policy stance
2014-07-09,Disinflationary monetary policy stance
2014-07-10,Disinflationary monetary policy stance
2014-07-11,Disinflationary monetary policy stance
2014-07-14,Disinflationary monetary policy stance
2014-07-15,Disinflationary monetary policy stance
2014-07-16,Disinflationary monetary policy stance
2014-07-17,Disinflationary monetary policy stance
2014-07-18,Disinflationary monetary policy stance
2014-07-21,Disinflationary monetary policy stance
2014-07-22,Disinflationary monetary policy stance
2014-07-23,Disinflationary monetary policy stance
2014-07-24,Disinflationary monetary policy stance
2014-07-25,Disinflationary monetary policy stance
2014-07-28,Disinflationary monetary policy stance
2014-07-29,Disinflationary monetary policy stance
2014-07-30,Disinflationary monetary policy stance
2014-07-31,Disinflationary monetary policy stance
2014-08-01,Disinflationary monetary policy stance
2014-08-04,Disinflationary monetary policy stance
2014-08-05,Disinflationary monetary policy stance
2014-08-06,Disinflationary monetary policy stance
2014-08-07,Disinflationary monetary policy stance
2014-08-08,Disinflationary monetary policy stance
2014-08-11,Disinflationary monetary policy stance
2014-08-12,Disinflationary monetary policy stance
2014-08-13,Disinflationary monetary policy stance
2014-08-14,Disinflationary monetary policy stance
2014-08-15,Disinflationary monetary policy stance
2014-08-18,Disinflationary monetary policy stance
2014-08-19,Disinflationary monetary policy stance
2014-08-20,Disinflationary monetary policy stance
2014-08-21,Disinflationary monetary policy stance
2014-08-22,Disinflationary monetary policy stance
2014-08-25,Disinflationary monetary policy stance
2014-08-26,Disinflationary monetary policy stance
2014-08-27,Disinflationary monetary policy stance
2014-08-28,Disinflationary monetary policy stance
2014-08-29,Disinflationary monetary policy stance
2014-09-01,Disinflationary monetary policy stance
2014-09-02,Disinflationary monetary policy stance
2014-09-03,Disinflationary monetary policy stance
2014-09-04,Disinflationary monetary policy stance
2014-09-05,Disinflationary monetary policy stance
2014-09-08,Disinflationary monetary policy stance
2014-09-09,Disinflationary monetary policy stance
2014-09-10,Disinflationary monetary policy stance
2014-09-11,Disinflationary monetary policy stance
2014-09-12,Disinflationary monetary policy stance
2014-09-15,Disinflationary monetary policy stance
2014-09-16,Disinflationary monetary policy stance
2014-09-17,Disinflationary monetary policy stance
2014-09-18,Disinflationary monetary policy stance
2014-09-19,Disinflationary monetary policy stance
2014-09-22,Disinflationary monetary policy stance
2014-09-23,Disinflationary monetary policy stance
2014-09-24,Disinflationary monetary policy stance
2014-09-25,Disinflationary monetary policy stance
2014-09-26,Disinflationary monetary policy stance
2014-09-29,Disinflationary monetary policy stance
2014-09-30,Disinflationary monetary policy stance
2014-10-01,Disinflationary monetary policy stance
2014-10-02,Disinflationary monetary policy stance
2014-10-03,Disinflationary monetary policy stance
2014-10-06,Disinflationary monetary policy stance
2014-10-07,Disinflationary monetary policy stance
2014-10-08,Disinflationary monetary policy stance
2014-10-09,Disinflationary monetary policy stance
2014-10-10,Disinflationary monetary policy stance
2014-10-13,Disinflationary monetary policy stance
2014-10-14,Disinflationary monetary policy stance
2014-10-15,Disinflationary monetary policy stance
2014-10-16,Disinflationary monetary policy stance
2014-10-17,Disinflationary monetary policy stance
2014-10-20,Disinflationary monetary policy stance
2014-10-21,Disinflationary monetary policy stance
2014-10-22,Disinflationary monetary policy stance
2014-10-23,Disinflationary monetary policy stance
2014-10-24,Disinflationary monetary policy stance
2014-10-27,Disinflationary monetary policy stance
2014-10-28,Disinflationary monetary policy stance
2014-10-29,Disinflationary monetary policy stance
2014-10-30,Disinflationary monetary policy stance
2014-10-31,Disinflationary monetary policy stance
2014-11-03,Disinflationary monetary policy stance
2014-11-04,Disinflationary monetary policy stance
2014-11-05,Disinflationary monetary policy stance
2014-11-06,Disinflationary monetary policy stance
2014-11-07,Disinflationary monetary policy stance
2014-11-10,Disinflationary monetary policy stance
2014-11-11,Disinflationary monetary policy stance
2014-11-12,Disinflationary monetary policy stance
2014-11-13,Disinflationary monetary policy stance
2014-11-14,Disinflationary monetary policy stance
2014-11-17,Disinflationary monetary policy stance
2014-11-18,Disinflationary monetary policy stance
2014-11-19,Disinflationary monetary policy stance
2014-11-20,Disinflationary monetary policy stance
2014-11-21,Disinflationary monetary policy stance
2014-11-24,Disinflationary monetary policy stance
2014-11-25,Disinflationary monetary policy stance
2014-11-26,Disinflationary monetary policy stance
2014-11-27,Disinflationary monetary policy stance
2014-11-28,Disinflationary monetary policy stance
2014-12-01,Disinflationary monetary policy stance
2014-12-02,Disinflationary monetary policy stance
2014-12-03,Disinflationary monetary policy stance
2014-12-04,Disinflationary monetary policy stance
2014-12-05,Disinflationary monetary policy stance
2014-12-08,Disinflationary monetary policy stance
2014-12-09,Disinflationary monetary policy stance
2014-12-10,Disinflationary monetary policy stance
2014-12-11,Disinflationary monetary policy stance
2014-12-12,Disinflationary monetary policy stance
2014-12-15,Disinflationary monetary policy stance
2014-12-16,Disinflationary monetary policy stance
2014-12-17,Disinflationary monetary policy stance
2014-12-18,Disinflationary monetary policy stance
2014-12-19,Disinflationary monetary policy stance
2014-12-22,Disinflationary monetary policy stance
2014-12-23,Disinflationary monetary policy stance
2014-12-24,Disinflationary monetary policy stance
2014-12-25,Disinflationary monetary policy stance
2014-12-26,Disinflationary monetary policy stance
2014-12-29,Disinflationary monetary policy stance
2014-12-30,Disinflationary monetary policy stance
2014-12-31,Disinflationary monetary policy stance
2015-01-01,Disinflation / transition to inflation-targeting framework
2015-01-02,Disinflation / transition to inflation-targeting framework
2015-01-05,Disinflation / transition to inflation-targeting framework
2015-01-06,Disinflation / transition to inflation-targeting framework
2015-01-07,Disinflation / transition to inflation-targeting framework
2015-01-08,Disinflation / transition to inflation-targeting framework
2015-01-09,Disinflation / transition to inflation-targeting framework
2015-01-12,Disinflation / transition to inflation-targeting framework
2015-01-13,Disinflation / transition to inflation-targeting framework
2015-01-14,Disinflation / transition to inflation-targeting framework
2015-01-15,Disinflation / transition to inflation-targeting framework
2015-01-16,Disinflation / transition to inflation-targeting framework
2015-01-19,Disinflation / transition to inflation-targeting framework
2015-01-20,Disinflation / transition to inflation-targeting framework
2015-01-21,Disinflation / transition to inflation-targeting framework
2015-01-22,Disinflation / transition to inflation-targeting framework
2015-01-23,Disinflation / transition to inflation-targeting framework
2015-01-26,Disinflation / transition to inflation-targeting framework
2015-01-27,Disinflation / transition to inflation-targeting framework
2015-01-28,Disinflation / transition to inflation-targeting framework
2015-01-29,Disinflation / transition to inflation-targeting framework
2015-01-30,Disinflation / transition to inflation-targeting framework
2015-02-02,Disinflation / transition to inflation-targeting framework
2015-02-03,Disinflation / transition to inflation-targeting framework
2015-02-04,Disinflation / transition to inflation-targeting framework
2015-02-05,Disinflation / transition to inflation-targeting framework
2015-02-06,Disinflation / transition to inflation-targeting framework
2015-02-09,Disinflation / transition to inflation-targeting framework
2015-02-10,Disinflation / transition to inflation-targeting framework
2015-02-11,Disinflation / transition to inflation-targeting framework
2015-02-12,Disinflation / transition to inflation-targeting framework
2015-02-13,Disinflation / transition to inflation-targeting framework
2015-02-16,Disinflation / transition to inflation-targeting framework
2015-02-17,Disinflation / transition to inflation-targeting framework
2015-02-18,Disinflation / transition to inflation-targeting framework
2015-02-19,Disinflation / transition to inflation-targeting framework
2015-02-20,Disinflation / transition to inflation-targeting framework
2015-02-23,Disinflation / transition to inflation-targeting framework
2015-02-24,Disinflation / transition to inflation-targeting framework
2015-02-25,Disinflation / transition to inflation-targeting framework
2015-02-26,Disinflation / transition to inflation-targeting framework
2015-02-27,Disinflation / transition to inflation-targeting framework
2015-03-02,Disinflation / transition to inflation-targeting framework
2015-03-03,Disinflation / transition to inflation-targeting framework
2015-03-04,Disinflation / transition to inflation-targeting framework
2015-03-05,Disinflation / transition to inflation-targeting framework
2015-03-06,Disinflation / transition to inflation-targeting framework
2015-03-09,Disinflation / transition to inflation-targeting framework
2015-03-10,Disinflation / transition to inflation-targeting framework
2015-03-11,Disinflation / transition to inflation-targeting framework
2015-03-12,Disinflation / transition to inflation-targeting framework
2015-03-13,Disinflation / transition to inflation-targeting framework
2015-03-16,Disinflation / transition to inflation-targeting framework
2015-03-17,Disinflation / transition to inflation-targeting framework
2015-03-18,Disinflation / transition to inflation-targeting framework
2015-03-19,Disinflation / transition to inflation-targeting framework
2015-03-20,Disinflation / transition to inflation-targeting framework
2015-03-23,Disinflation / transition to inflation-targeting framework
2015-03-24,Disinflation / transition to inflation-targeting framework
2015-03-25,Disinflation / transition to inflation-targeting framework
2015-03-26,Disinflation / transition to inflation-targeting framework
2015-03-27,Disinflation / transition to inflation-targeting framework
2015-03-30,Disinflation / transition to inflation-targeting framework
2015-03-31,Disinflation / transition to inflation-targeting framework
2015-04-01,Disinflation / transition to inflation-targeting framework
2015-04-02,Disinflation / transition to inflation-targeting framework
2015-04-03,Disinflation / transition to inflation-targeting framework
2015-04-06,Disinflation / transition to inflation-targeting framework
2015-04-07,Disinflation / transition to inflation-targeting framework
2015-04-08,Disinflation / transition to inflation-targeting framework
2015-04-09,Disinflation / transition to inflation-targeting framework
2015-04-10,Disinflation / transition to inflation-targeting framework
2015-04-13,Disinflation / transition to inflation-targeting framework
2015-04-14,Disinflation / transition to inflation-targeting framework
2015-04-15,Disinflation / transition to inflation-targeting framework
2015-04-16,Disinflation / transition to inflation-targeting framework
2015-04-17,Disinflation / transition to inflation-targeting framework
2015-04-20,Disinflation / transition to inflation-targeting framework
2015-04-21,Disinflation / transition to inflation-targeting framework
2015-04-22,Disinflation / transition to inflation-targeting framework
2015-04-23,Disinflation / transition to inflation-targeting framework
2015-04-24,Disinflation / transition to inflation-targeting framework
2015-04-27,Disinflation / transition to inflation-targeting framework
2015-04-28,Disinflation / transition to inflation-targeting framework
2015-04-29,Disinflation / transition to inflation-targeting framework
2015-04-30,Disinflation / transition to inflation-targeting framework
2015-05-01,Disinflation / transition to inflation-targeting framework
2015-05-04,Disinflation / transition to inflation-targeting framework
2015-05-05,Disinflation / transition to inflation-targeting framework
2015-05-06,Disinflation / transition to inflation-targeting framework
2015-05-07,Disinflation / transition to inflation-targeting framework
2015-05-08,Disinflation / transition to inflation-targeting framework
2015-05-11,Disinflation / transition to inflation-targeting framework
2015-05-12,Disinflation / transition to inflation-targeting framework
2015-05-13,Disinflation / transition to inflation-targeting framework
2015-05-14,Disinflation / transition to inflation-targeting framework
2015-05-15,Disinflation / transition to inflation-targeting framework
2015-05-18,Disinflation / transition to inflation-targeting framework
2015-05-19,Disinflation / transition to inflation-targeting framework
2015-05-20,Disinflation / transition to inflation-targeting framework
2015-05-21,Disinflation / transition to inflation-targeting framework
2015-05-22,Disinflation / transition to inflation-targeting framework
2015-05-25,Disinflation / transition to inflation-targeting framework
2015-05-26,Disinflation / transition to inflation-targeting framework
2015-05-27,Disinflation / transition to inflation-targeting framework
2015-05-28,Disinflation / transition to inflation-targeting framework
2015-05-29,Disinflation / transition to inflation-targeting framework
2015-06-01,Disinflation / transition to inflation-targeting framework
2015-06-02,Disinflation / transition to inflation-targeting framework
2015-06-03,Disinflation / transition to inflation-targeting framework
2015-06-04,Disinflation / transition to inflation-targeting framework
2015-06-05,Disinflation / transition to inflation-targeting framework
2015-06-08,Disinflation / transition to inflation-targeting framework
2015-06-09,Disinflation / transition to inflation-targeting framework
2015-06-10,Disinflation / transition to inflation-targeting framework
2015-06-11,Disinflation / transition to inflation-targeting framework
2015-06-12,Disinflation / transition to inflation-targeting framework
2015-06-15,Disinflation / transition to inflation-targeting framework
2015-06-16,Disinflation / transition to inflation-targeting framework
2015-06-17,Disinflation / transition to inflation-targeting framework
2015-06-18,Disinflation / transition to inflation-targeting framework
2015-06-19,Disinflation / transition to inflation-targeting framework
2015-06-22,Disinflation / transition to inflation-targeting framework
2015-06-23,Disinflation / transition to inflation-targeting framework
2015-06-24,Disinflation / transition to inflation-targeting framework
2015-06-25,Disinflation / transition to inflation-targeting framework
2015-06-26,Disinflation / transition to inflation-targeting framework
2015-06-29,Disinflation / transition to inflation-targeting framework
2015-06-30,Disinflation / transition to inflation-targeting framework
2015-07-01,Disinflation / transition to inflation-targeting framework
2015-07-02,Disinflation / transition to inflation-targeting framework
2015-07-03,Disinflation / transition to inflation-targeting framework
2015-07-06,Disinflation / transition to inflation-targeting framework
2015-07-07,Disinflation / transition to inflation-targeting framework
2015-07-08,Disinflation / transition to inflation-targeting framework
2015-07-09,Disinflation / transition to inflation-targeting framework
2015-07-10,Disinflation / transition to inflation-targeting framework
2015-07-13,Disinflation / transition to inflation-targeting framework
2015-07-14,Disinflation / transition to inflation-targeting framework
2015-07-15,Disinflation / transition to inflation-targeting framework
2015-07-16,Disinflation / transition to inflation-targeting framework
2015-07-17,Disinflation / transition to inflation-targeting framework
2015-07-20,Disinflation / transition to inflation-targeting framework
2015-07-21,Disinflation / transition to inflation-targeting framework
2015-07-22,Disinflation / transition to inflation-targeting framework
2015-07-23,Disinflation / transition to inflation-targeting framework
2015-07-24,Disinflation / transition to inflation-targeting framework
2015-07-27,Disinflation / transition to inflation-targeting framework
2015-07-28,Disinflation / transition to inflation-targeting framework
2015-07-29,Disinflation / transition to inflation-targeting framework
2015-07-30,Disinflation / transition to inflation-targeting framework
2015-07-31,Disinflation / transition to inflation-targeting framework
2015-08-03,Disinflation / transition to inflation-targeting framework
2015-08-04,Disinflation / transition to inflation-targeting framework
2015-08-05,Disinflation / transition to inflation-targeting framework
2015-08-06,Disinflation / transition to inflation-targeting framework
2015-08-07,Disinflation / transition to inflation-targeting framework
2015-08-10,Disinflation / transition to inflation-targeting framework
2015-08-11,Disinflation / transition to inflation-targeting framework
2015-08-12,Disinflation / transition to inflation-targeting framework
2015-08-13,Disinflation / transition to inflation-targeting framework
2015-08-14,Disinflation / transition to inflation-targeting framework
2015-08-17,Disinflation / transition to inflation-targeting framework
2015-08-18,Disinflation / transition to inflation-targeting framework
2015-08-19,Disinflation / transition to inflation-targeting framework
2015-08-20,Disinflation / transition to inflation-targeting framework
2015-08-21,Disinflation / transition to inflation-targeting framework
2015-08-24,Disinflation / transition to inflation-targeting framework
2015-08-25,Disinflation / transition to inflation-targeting framework
2015-08-26,Disinflation / transition to inflation-targeting framework
2015-08-27,Disinflation / transition to inflation-targeting framework
2015-08-28,Disinflation / transition to inflation-targeting framework
2015-08-31,Disinflation / transition to inflation-targeting framework
2015-09-01,Disinflation / transition to inflation-targeting framework
2015-09-02,Disinflation / transition to inflation-targeting framework
2015-09-03,Disinflation / transition to inflation-targeting framework
2015-09-04,Disinflation / transition to inflation-targeting framework
2015-09-07,Disinflation / transition to inflation-targeting framework
2015-09-08,Disinflation / transition to inflation-targeting framework
2015-09-09,Disinflation / transition to inflation-targeting framework
2015-09-10,Disinflation / transition to inflation-targeting framework
2015-09-11,Disinflation / transition to inflation-targeting framework
2015-09-14,Disinflation / transition to inflation-targeting framework
2015-09-15,Disinflation / transition to inflation-targeting framework
2015-09-16,Disinflation / transition to inflation-targeting framework
2015-09-17,Disinflation / transition to inflation-targeting framework
2015-09-18,Disinflation / transition to inflation-targeting framework
2015-09-21,Disinflation / transition to inflation-targeting framework
2015-09-22,Disinflation / transition to inflation-targeting framework
2015-09-23,Disinflation / transition to inflation-targeting framework
2015-09-24,Disinflation / transition to inflation-targeting framework
2015-09-25,Disinflation / transition to inflation-targeting framework
2015-09-28,Disinflation / transition to inflation-targeting framework
2015-09-29,Disinflation / transition to inflation-targeting framework
2015-09-30,Disinflation / transition to inflation-targeting framework
2015-10-01,Disinflation / transition to inflation-targeting framework
2015-10-02,Disinflation / transition to inflation-targeting framework
2015-10-05,Disinflation / transition to inflation-targeting framework
2015-10-06,Disinflation / transition to inflation-targeting framework
2015-10-07,Disinflation / transition to inflation-targeting framework
2015-10-08,Disinflation / transition to inflation-targeting framework
2015-10-09,Disinflation / transition to inflation-targeting framework
2015-10-12,Disinflation / transition to inflation-targeting framework
2015-10-13,Disinflation / transition to inflation-targeting framework
2015-10-14,Disinflation / transition to inflation-targeting framework
2015-10-15,Disinflation / transition to inflation-targeting framework
2015-10-16,Disinflation / transition to inflation-targeting framework
2015-10-19,Disinflation / transition to inflation-targeting framework
2015-10-20,Disinflation / transition to inflation-targeting framework
2015-10-21,Disinflation / transition to inflation-targeting framework
2015-10-22,Disinflation / transition to inflation-targeting framework
2015-10-23,Disinflation / transition to inflation-targeting framework
2015-10-26,Disinflation / transition to inflation-targeting framework
2015-10-27,Disinflation / transition to inflation-targeting framework
2015-10-28,Disinflation / transition to inflation-targeting framework
2015-10-29,Disinflation / transition to inflation-targeting framework
2015-10-30,Disinflation / transition to inflation-targeting framework
2015-11-02,Disinflation / transition to inflation-targeting framework
2015-11-03,Disinflation / transition to inflation-targeting framework
2015-11-04,Disinflation / transition to inflation-targeting framework
2015-11-05,Disinflation / transition to inflation-targeting framework
2015-11-06,Disinflation / transition to inflation-targeting framework
2015-11-09,Disinflation / transition to inflation-targeting framework
2015-11-10,Disinflation / transition to inflation-targeting framework
2015-11-11,Disinflation / transition to inflation-targeting framework
2015-11-12,Disinflation / transition to inflation-targeting framework
2015-11-13,Disinflation / transition to inflation-targeting framework
2015-11-16,Disinflation / transition to inflation-targeting framework
2015-11-17,Disinflation / transition to inflation-targeting framework
2015-11-18,Disinflation / transition to inflation-targeting framework
2015-11-19,Disinflation / transition to inflation-targeting framework
2015-11-20,Disinflation / transition to inflation-targeting framework
2015-11-23,Disinflation / transition to inflation-targeting framework
2015-11-24,Disinflation / transition to inflation-targeting framework
2015-11-25,Disinflation / transition to inflation-targeting framework
2015-11-26,Disinflation / transition to inflation-targeting framework
2015-11-27,Disinflation / transition to inflation-targeting framework
2015-11-30,Disinflation / transition to inflation-targeting framework
2015-12-01,Disinflation / transition to inflation-targeting framework
2015-12-02,Disinflation / transition to inflation-targeting framework
2015-12-03,Disinflation / transition to inflation-targeting framework
2015-12-04,Disinflation / transition to inflation-targeting framework
2015-12-07,Disinflation / transition to inflation-targeting framework
2015-12-08,Disinflation / transition to inflation-targeting framework
2015-12-09,Disinflation / transition to inflation-targeting framework
2015-12-10,Disinflation / transition to inflation-targeting framework
2015-12-11,Disinflation / transition to inflation-targeting framework
2015-12-14,Disinflation / transition to inflation-targeting framework
2015-12-15,Disinflation / transition to inflation-targeting framework
2015-12-16,Disinflation / transition to inflation-targeting framework
2015-12-17,Disinflation / transition to inflation-targeting framework
2015-12-18,Disinflation / transition to inflation-targeting framework
2015-12-21,Disinflation / transition to inflation-targeting framework
2015-12-22,Disinflation / transition to inflation-targeting framework
2015-12-23,Disinflation / transition to inflation-targeting framework
2015-12-24,Disinflation / transition to inflation-targeting framework
2015-12-25,Disinflation / transition to inflation-targeting framework
2015-12-28,Disinflation / transition to inflation-targeting framework
2015-12-29,Disinflation / transition to inflation-targeting framework
2015-12-30,Disinflation / transition to inflation-targeting framework
2015-12-31,Disinflation / transition to inflation-targeting framework
2016-01-01,Disinflation / transition to inflation-targeting framework
2016-01-04,Disinflation / transition to inflation-targeting framework
2016-01-05,Disinflation / transition to inflation-targeting framework
2016-01-06,Disinflation / transition to inflation-targeting framework
2016-01-07,Disinflation / transition to inflation-targeting framework
2016-01-08,Disinflation / transition to inflation-targeting framework
2016-01-11,Disinflation / transition to inflation-targeting framework
2016-01-12,Disinflation / transition to inflation-targeting framework
2016-01-13,Disinflation / transition to inflation-targeting framework
2016-01-14,Disinflation / transition to inflation-targeting framework
2016-01-15,Disinflation / transition to inflation-targeting framework
2016-01-18,Disinflation / transition to inflation-targeting framework
2016-01-19,Disinflation / transition to inflation-targeting framework
2016-01-20,Disinflation / transition to inflation-targeting framework
2016-01-21,Disinflation / transition to inflation-targeting framework
2016-01-22,Disinflation / transition to inflation-targeting framework
2016-01-25,Disinflation / transition to inflation-targeting framework
2016-01-26,Disinflation / transition to inflation-targeting framework
2016-01-27,Disinflation / transition to inflation-targeting framework
2016-01-28,Disinflation / transition to inflation-targeting framework
2016-01-29,Disinflation / transition to inflation-targeting framework
2016-02-01,Disinflation / transition to inflation-targeting framework
2016-02-02,Disinflation / transition to inflation-targeting framework
2016-02-03,Disinflation / transition to inflation-targeting framework
2016-02-04,Disinflation / transition to inflation-targeting framework
2016-02-05,Disinflation / transition to inflation-targeting framework
2016-02-08,Disinflation / transition to inflation-targeting framework
2016-02-09,Disinflation / transition to inflation-targeting framework
2016-02-10,Disinflation / transition to inflation-targeting framework
2016-02-11,Disinflation / transition to inflation-targeting framework
2016-02-12,Disinflation / transition to inflation-targeting framework
2016-02-15,Disinflation / transition to inflation-targeting framework
2016-02-16,Disinflation / transition to inflation-targeting framework
2016-02-17,Disinflation / transition to inflation-targeting framework
2016-02-18,Disinflation / transition to inflation-targeting framework
2016-02-19,Disinflation / transition to inflation-targeting framework
2016-02-22,Disinflation / transition to inflation-targeting framework
2016-02-23,Disinflation / transition to inflation-targeting framework
2016-02-24,Disinflation / transition to inflation-targeting framework
2016-02-25,Disinflation / transition to inflation-targeting framework
2016-02-26,Disinflation / transition to inflation-targeting framework
2016-02-29,Disinflation / transition to inflation-targeting framework
2016-03-01,Disinflation / transition to inflation-targeting framework
2016-03-02,Disinflation / transition to inflation-targeting framework
2016-03-03,Disinflation / transition to inflation-targeting framework
2016-03-04,Disinflation / transition to inflation-targeting framework
2016-03-07,Disinflation / transition to inflation-targeting framework
2016-03-08,Disinflation / transition to inflation-targeting framework
2016-03-09,Disinflation / transition to inflation-targeting framework
2016-03-10,Disinflation / transition to inflation-targeting framework
2016-03-11,Disinflation / transition to inflation-targeting framework
2016-03-14,Disinflation / transition to inflation-targeting framework
2016-03-15,Disinflation / transition to inflation-targeting framework
2016-03-16,Disinflation / transition to inflation-targeting framework
2016-03-17,Disinflation / transition to inflation-targeting framework
2016-03-18,Disinflation / transition to inflation-targeting framework
2016-03-21,Disinflation / transition to inflation-targeting framework
2016-03-22,Disinflation / transition to inflation-targeting framework
2016-03-23,Disinflation / transition to inflation-targeting framework
2016-03-24,Disinflation / transition to inflation-targeting framework
2016-03-25,Disinflation / transition to inflation-targeting framework
2016-03-28,Disinflation / transition to inflation-targeting framework
2016-03-29,Disinflation / transition to inflation-targeting framework
2016-03-30,Disinflation / transition to inflation-targeting framework
2016-03-31,Disinflation / transition to inflation-targeting framework
2016-04-01,Disinflation / transition to inflation-targeting framework
2016-04-04,Disinflation / transition to inflation-targeting framework
2016-04-05,Disinflation / transition to inflation-targeting framework
2016-04-06,Disinflation / transition to inflation-targeting framework
2016-04-07,Disinflation / transition to inflation-targeting framework
2016-04-08,Disinflation / transition to inflation-targeting framework
2016-04-11,Disinflation / transition to inflation-targeting framework
2016-04-12,Disinflation / transition to inflation-targeting framework
2016-04-13,Disinflation / transition to inflation-targeting framework
2016-04-14,Disinflation / transition to inflation-targeting framework
2016-04-15,Disinflation / transition to inflation-targeting framework
2016-04-18,Disinflation / transition to inflation-targeting framework
2016-04-19,Disinflation / transition to inflation-targeting framework
2016-04-20,Disinflation / transition to inflation-targeting framework
2016-04-21,Disinflation / transition to inflation-targeting framework
2016-04-22,Disinflation / transition to inflation-targeting framework
2016-04-25,Disinflation / transition to inflation-targeting framework
2016-04-26,Disinflation / transition to inflation-targeting framework
2016-04-27,Disinflation / transition to inflation-targeting framework
2016-04-28,Disinflation / transition to inflation-targeting framework
2016-04-29,Disinflation / transition to inflation-targeting framework
2016-05-02,Disinflation / transition to inflation-targeting framework
2016-05-03,Disinflation / transition to inflation-targeting framework
2016-05-04,Disinflation / transition to inflation-targeting framework
2016-05-05,Disinflation / transition to inflation-targeting framework
2016-05-06,Disinflation / transition to inflation-targeting framework
2016-05-09,Disinflation / transition to inflation-targeting framework
2016-05-10,Disinflation / transition to inflation-targeting framework
2016-05-11,Disinflation / transition to inflation-targeting framework
2016-05-12,Disinflation / transition to inflation-targeting framework
2016-05-13,Disinflation / transition to inflation-targeting framework
2016-05-16,Disinflation / transition to inflation-targeting framework
2016-05-17,Disinflation / transition to inflation-targeting framework
2016-05-18,Disinflation / transition to inflation-targeting framework
2016-05-19,Disinflation / transition to inflation-targeting framework
2016-05-20,Disinflation / transition to inflation-targeting framework
2016-05-23,Disinflation / transition to inflation-targeting framework
2016-05-24,Disinflation / transition to inflation-targeting framework
2016-05-25,Disinflation / transition to inflation-targeting framework
2016-05-26,Disinflation / transition to inflation-targeting framework
2016-05-27,Disinflation / transition to inflation-targeting framework
2016-05-30,Disinflation / transition to inflation-targeting framework
2016-05-31,Disinflation / transition to inflation-targeting framework
2016-06-01,Disinflation / transition to inflation-targeting framework
2016-06-02,Disinflation / transition to inflation-targeting framework
2016-06-03,Disinflation / transition to inflation-targeting framework
2016-06-06,Disinflation / transition to inflation-targeting framework
2016-06-07,Disinflation / transition to inflation-targeting framework
2016-06-08,Disinflation / transition to inflation-targeting framework
2016-06-09,Disinflation / transition to inflation-targeting framework
2016-06-10,Disinflation / transition to inflation-targeting framework
2016-06-13,Disinflation / transition to inflation-targeting framework
2016-06-14,Disinflation / transition to inflation-targeting framework
2016-06-15,Disinflation / transition to inflation-targeting framework
2016-06-16,Disinflation / transition to inflation-targeting framework
2016-06-17,Disinflation / transition to inflation-targeting framework
2016-06-20,Disinflation / transition to inflation-targeting framework
2016-06-21,Disinflation / transition to inflation-targeting framework
2016-06-22,Disinflation / transition to inflation-targeting framework
2016-06-23,Disinflation / transition to inflation-targeting framework
2016-06-24,Disinflation / transition to inflation-targeting framework
2016-06-27,Disinflation / transition to inflation-targeting framework
2016-06-28,Disinflation / transition to inflation-targeting framework
2016-06-29,Disinflation / transition to inflation-targeting framework
2016-06-30,Disinflation / transition to inflation-targeting framework
2016-07-01,Disinflation / transition to inflation-targeting framework
2016-07-04,Disinflation / transition to inflation-targeting framework
2016-07-05,Disinflation / transition to inflation-targeting framework
2016-07-06,Disinflation / transition to inflation-targeting framework
2016-07-07,Disinflation / transition to inflation-targeting framework
2016-07-08,Disinflation / transition to inflation-targeting framework
2016-07-11,Disinflation / transition to inflation-targeting framework
2016-07-12,Disinflation / transition to inflation-targeting framework
2016-07-13,Disinflation / transition to inflation-targeting framework
2016-07-14,Disinflation / transition to inflation-targeting framework
2016-07-15,Disinflation / transition to inflation-targeting framework
2016-07-18,Disinflation / transition to inflation-targeting framework
2016-07-19,Disinflation / transition to inflation-targeting framework
2016-07-20,Disinflation / transition to inflation-targeting framework
2016-07-21,Disinflation / transition to inflation-targeting framework
2016-07-22,Disinflation / transition to inflation-targeting framework
2016-07-25,Disinflation / transition to inflation-targeting framework
2016-07-26,Disinflation / transition to inflation-targeting framework
2016-07-27,Disinflation / transition to inflation-targeting framework
2016-07-28,Disinflation / transition to inflation-targeting framework
2016-07-29,Disinflation / transition to inflation-targeting framework
2016-08-01,Disinflation / transition to inflation-targeting framework
2016-08-02,Disinflation / transition to inflation-targeting framework
2016-08-03,Disinflation / transition to inflation-targeting framework
2016-08-04,Disinflation / transition to inflation-targeting framework
2016-08-05,Disinflation / transition to inflation-targeting framework
2016-08-08,Disinflation / transition to inflation-targeting framework
2016-08-09,Disinflation / transition to inflation-targeting framework
2016-08-10,Disinflation / transition to inflation-targeting framework
2016-08-11,Disinflation / transition to inflation-targeting framework
2016-08-12,Disinflation / transition to inflation-targeting framework
2016-08-15,Disinflation / transition to inflation-targeting framework
2016-08-16,Disinflation / transition to inflation-targeting framework
2016-08-17,Disinflation / transition to inflation-targeting framework
2016-08-18,Disinflation / transition to inflation-targeting framework
2016-08-19,Disinflation / transition to inflation-targeting framework
2016-08-22,Disinflation / transition to inflation-targeting framework
2016-08-23,Disinflation / transition to inflation-targeting framework
2016-08-24,Disinflation / transition to inflation-targeting framework
2016-08-25,Disinflation / transition to inflation-targeting framework
2016-08-26,Disinflation / transition to inflation-targeting framework
2016-08-29,Disinflation / transition to inflation-targeting framework
2016-08-30,Disinflation / transition to inflation-targeting framework
2016-08-31,Disinflation / transition to inflation-targeting framework
2016-09-01,Disinflation / transition to inflation-targeting framework
2016-09-02,Disinflation / transition to inflation-targeting framework
2016-09-05,Disinflation / transition to inflation-targeting framework
2016-09-06,Disinflation / transition to inflation-targeting framework
2016-09-07,Disinflation / transition to inflation-targeting framework
2016-09-08,Disinflation / transition to inflation-targeting framework
2016-09-09,Disinflation / transition to inflation-targeting framework
2016-09-12,Disinflation / transition to inflation-targeting framework
2016-09-13,Disinflation / transition to inflation-targeting framework
2016-09-14,Disinflation / transition to inflation-targeting framework
2016-09-15,Disinflation / transition to inflation-targeting framework
2016-09-16,Disinflation / transition to inflation-targeting framework
2016-09-19,Disinflation / transition to inflation-targeting framework
2016-09-20,Disinflation / transition to inflation-targeting framework
2016-09-21,Disinflation / transition to inflation-targeting framework
2016-09-22,Disinflation / transition to inflation-targeting framework
2016-09-23,Disinflation / transition to inflation-targeting framework
2016-09-26,Disinflation / transition to inflation-targeting framework
2016-09-27,Disinflation / transition to inflation-targeting framework
2016-09-28,Disinflation / transition to inflation-targeting framework
2016-09-29,Accommodative
2016-09-30,Accommodative
2016-10-03,Accommodative
2016-10-04,Accommodative
2016-10-05,Accommodative
2016-10-06,Accommodative
2016-10-07,Accommodative
2016-10-10,Accommodative
2016-10-11,Accommodative
2016-10-12,Accommodative
2016-10-13,Accommodative
2016-10-14,Accommodative
2016-10-17,Accommodative
2016-10-18,Accommodative
2016-10-19,Accommodative
2016-10-20,Accommodative
2016-10-21,Accommodative
2016-10-24,Accommodative
2016-10-25,Accommodative
2016-10-26,Accommodative
2016-10-27,Accommodative
2016-10-28,Accommodative
2016-10-31,Accommodative
2016-11-01,Accommodative
2016-11-02,Accommodative
2016-11-03,Accommodative
2016-11-04,Accommodative
2016-11-07,Accommodative
2016-11-08,Accommodative
2016-11-09,Accommodative
2016-11-10,Accommodative
2016-11-11,Accommodative
2016-11-14,Accommodative
2016-11-15,Accommodative
2016-11-16,Accommodative
2016-11-17,Accommodative
2016-11-18,Accommodative
2016-11-21,Accommodative
2016-11-22,Accommodative
2016-11-23,Accommodative
2016-11-24,Accommodative
2016-11-25,Accommodative
2016-11-28,Accommodative
2016-11-29,Accommodative
2016-11-30,Accommodative
2016-12-01,Accommodative
2016-12-02,Accommodative
2016-12-05,Accommodative
2016-12-06,Accommodative
2016-12-07,Accommodative
2016-12-08,Accommodative
2016-12-09,Accommodative
2016-12-12,Accommodative
2016-12-13,Accommodative
2016-12-14,Accommodative
2016-12-15,Accommodative
2016-12-16,Accommodative
2016-12-19,Accommodative
2016-12-20,Accommodative
2016-12-21,Accommodative
2016-12-22,Accommodative
2016-12-23,Accommodative
2016-12-26,Accommodative
2016-12-27,Accommodative
2016-12-28,Accommodative
2016-12-29,Accommodative
2016-12-30,Accommodative
2017-01-02,Accommodative
2017-01-03,Accommodative
2017-01-04,Accommodative
2017-01-05,Accommodative
2017-01-06,Accommodative
2017-01-09,Accommodative
2017-01-10,Accommodative
2017-01-11,Accommodative
2017-01-12,Accommodative
2017-01-13,Accommodative
2017-01-16,Accommodative
2017-01-17,Accommodative
2017-01-18,Accommodative
2017-01-19,Accommodative
2017-01-20,Accommodative
2017-01-23,Accommodative
2017-01-24,Accommodative
2017-01-25,Accommodative
2017-01-26,Accommodative
2017-01-27,Accommodative
2017-01-30,Accommodative
2017-01-31,Accommodative
2017-02-01,Accommodative
2017-02-02,Accommodative
2017-02-03,Accommodative
2017-02-06,Accommodative
2017-02-07,Accommodative
2017-02-08,Neutral
2017-02-09,Neutral
2017-02-10,Neutral
2017-02-13,Neutral
2017-02-14,Neutral
2017-02-15,Neutral
2017-02-16,Neutral
2017-02-17,Neutral
2017-02-20,Neutral
2017-02-21,Neutral
2017-02-22,Neutral
2017-02-23,Neutral
2017-02-24,Neutral
2017-02-27,Neutral
2017-02-28,Neutral
2017-03-01,Neutral
2017-03-02,Neutral
2017-03-03,Neutral
2017-03-06,Neutral
2017-03-07,Neutral
2017-03-08,Neutral
2017-03-09,Neutral
2017-03-10,Neutral
2017-03-13,Neutral
2017-03-14,Neutral
2017-03-15,Neutral
2017-03-16,Neutral
2017-03-17,Neutral
2017-03-20,Neutral
2017-03-21,Neutral
2017-03-22,Neutral
2017-03-23,Neutral
2017-03-24,Neutral
2017-03-27,Neutral
2017-03-28,Neutral
2017-03-29,Neutral
2017-03-30,Neutral
2017-03-31,Neutral
2017-04-03,Neutral
2017-04-04,Neutral
2017-04-05,Neutral
2017-04-06,Neutral
2017-04-07,Neutral
2017-04-10,Neutral
2017-04-11,Neutral
2017-04-12,Neutral
2017-04-13,Neutral
2017-04-14,Neutral
2017-04-17,Neutral
2017-04-18,Neutral
2017-04-19,Neutral
2017-04-20,Neutral
2017-04-21,Neutral
2017-04-24,Neutral
2017-04-25,Neutral
2017-04-26,Neutral
2017-04-27,Neutral
2017-04-28,Neutral
2017-05-01,Neutral
2017-05-02,Neutral
2017-05-03,Neutral
2017-05-04,Neutral
2017-05-05,Neutral
2017-05-08,Neutral
2017-05-09,Neutral
2017-05-10,Neutral
2017-05-11,Neutral
2017-05-12,Neutral
2017-05-15,Neutral
2017-05-16,Neutral
2017-05-17,Neutral
2017-05-18,Neutral
2017-05-19,Neutral
2017-05-22,Neutral
2017-05-23,Neutral
2017-05-24,Neutral
2017-05-25,Neutral
2017-05-26,Neutral
2017-05-29,Neutral
2017-05-30,Neutral
2017-05-31,Neutral
2017-06-01,Neutral
2017-06-02,Neutral
2017-06-05,Neutral
2017-06-06,Neutral
2017-06-07,Neutral
2017-06-08,Neutral
2017-06-09,Neutral
2017-06-12,Neutral
2017-06-13,Neutral
2017-06-14,Neutral
2017-06-15,Neutral
2017-06-16,Neutral
2017-06-19,Neutral
2017-06-20,Neutral
2017-06-21,Neutral
2017-06-22,Neutral
2017-06-23,Neutral
2017-06-26,Neutral
2017-06-27,Neutral
2017-06-28,Neutral
2017-06-29,Neutral
2017-06-30,Neutral
2017-07-03,Neutral
2017-07-04,Neutral
2017-07-05,Neutral
2017-07-06,Neutral
2017-07-07,Neutral
2017-07-10,Neutral
2017-07-11,Neutral
2017-07-12,Neutral
2017-07-13,Neutral
2017-07-14,Neutral
2017-07-17,Neutral
2017-07-18,Neutral
2017-07-19,Neutral
2017-07-20,Neutral
2017-07-21,Neutral
2017-07-24,Neutral
2017-07-25,Neutral
2017-07-26,Neutral
2017-07-27,Neutral
2017-07-28,Neutral
2017-07-31,Neutral
2017-08-01,Neutral
2017-08-02,Neutral
2017-08-03,Neutral
2017-08-04,Neutral
2017-08-07,Neutral
2017-08-08,Neutral
2017-08-09,Neutral
2017-08-10,Neutral
2017-08-11,Neutral
2017-08-14,Neutral
2017-08-15,Neutral
2017-08-16,Neutral
2017-08-17,Neutral
2017-08-18,Neutral
2017-08-21,Neutral
2017-08-22,Neutral
2017-08-23,Neutral
2017-08-24,Neutral
2017-08-25,Neutral
2017-08-28,Neutral
2017-08-29,Neutral
2017-08-30,Neutral
2017-08-31,Neutral
2017-09-01,Neutral
2017-09-04,Neutral
2017-09-05,Neutral
2017-09-06,Neutral
2017-09-07,Neutral
2017-09-08,Neutral
2017-09-11,Neutral
2017-09-12,Neutral
2017-09-13,Neutral
2017-09-14,Neutral
2017-09-15,Neutral
2017-09-18,Neutral
2017-09-19,Neutral
2017-09-20,Neutral
2017-09-21,Neutral
2017-09-22,Neutral
2017-09-25,Neutral
2017-09-26,Neutral
2017-09-27,Neutral
2017-09-28,Neutral
2017-09-29,Neutral
2017-10-02,Neutral
2017-10-03,Neutral
2017-10-04,Neutral
2017-10-05,Neutral
2017-10-06,Neutral
2017-10-09,Neutral
2017-10-10,Neutral
2017-10-11,Neutral
2017-10-12,Neutral
2017-10-13,Neutral
2017-10-16,Neutral
2017-10-17,Neutral
2017-10-18,Neutral
2017-10-19,Neutral
2017-10-20,Neutral
2017-10-23,Neutral
2017-10-24,Neutral
2017-10-25,Neutral
2017-10-26,Neutral
2017-10-27,Neutral
2017-10-30,Neutral
2017-10-31,Neutral
2017-11-01,Neutral
2017-11-02,Neutral
2017-11-03,Neutral
2017-11-06,Neutral
2017-11-07,Neutral
2017-11-08,Neutral
2017-11-09,Neutral
2017-11-10,Neutral
2017-11-13,Neutral
2017-11-14,Neutral
2017-11-15,Neutral
2017-11-16,Neutral
2017-11-17,Neutral
2017-11-20,Neutral
2017-11-21,Neutral
2017-11-22,Neutral
2017-11-23,Neutral
2017-11-24,Neutral
2017-11-27,Neutral
2017-11-28,Neutral
2017-11-29,Neutral
2017-11-30,Neutral
2017-12-01,Neutral
2017-12-04,Neutral
2017-12-05,Neutral
2017-12-06,Neutral
2017-12-07,Neutral
2017-12-08,Neutral
2017-12-11,Neutral
2017-12-12,Neutral
2017-12-13,Neutral
2017-12-14,Neutral
2017-12-15,Neutral
2017-12-18,Neutral
2017-12-19,Neutral
2017-12-20,Neutral
2017-12-21,Neutral
2017-12-22,Neutral
2017-12-25,Neutral
2017-12-26,Neutral
2017-12-27,Neutral
2017-12-28,Neutral
2017-12-29,Neutral
2018-01-01,Neutral
2018-01-02,Neutral
2018-01-03,Neutral
2018-01-04,Neutral
2018-01-05,Neutral
2018-01-08,Neutral
2018-01-09,Neutral
2018-01-10,Neutral
2018-01-11,Neutral
2018-01-12,Neutral
2018-01-15,Neutral
2018-01-16,Neutral
2018-01-17,Neutral
2018-01-18,Neutral
2018-01-19,Neutral
2018-01-22,Neutral
2018-01-23,Neutral
2018-01-24,Neutral
2018-01-25,Neutral
2018-01-26,Neutral
2018-01-29,Neutral
2018-01-30,Neutral
2018-01-31,Neutral
2018-02-01,Neutral
2018-02-02,Neutral
2018-02-05,Neutral
2018-02-06,Neutral
2018-02-07,Neutral
2018-02-08,Neutral
2018-02-09,Neutral
2018-02-12,Neutral
2018-02-13,Neutral
2018-02-14,Neutral
2018-02-15,Neutral
2018-02-16,Neutral
2018-02-19,Neutral
2018-02-20,Neutral
2018-02-21,Neutral
2018-02-22,Neutral
2018-02-23,Neutral
2018-02-26,Neutral
2018-02-27,Neutral
2018-02-28,Neutral
2018-03-01,Neutral
2018-03-02,Neutral
2018-03-05,Neutral
2018-03-06,Neutral
2018-03-07,Neutral
2018-03-08,Neutral
2018-03-09,Neutral
2018-03-12,Neutral
2018-03-13,Neutral
2018-03-14,Neutral
2018-03-15,Neutral
2018-03-16,Neutral
2018-03-19,Neutral
2018-03-20,Neutral
2018-03-21,Neutral
2018-03-22,Neutral
2018-03-23,Neutral
2018-03-26,Neutral
2018-03-27,Neutral
2018-03-28,Neutral
2018-03-29,Neutral
2018-03-30,Neutral
2018-04-02,Neutral
2018-04-03,Neutral
2018-04-04,Neutral
2018-04-05,Neutral
2018-04-06,Neutral
2018-04-09,Neutral
2018-04-10,Neutral
2018-04-11,Neutral
2018-04-12,Neutral
2018-04-13,Neutral
2018-04-16,Neutral
2018-04-17,Neutral
2018-04-18,Neutral
2018-04-19,Neutral
2018-04-20,Neutral
2018-04-23,Neutral
2018-04-24,Neutral
2018-04-25,Neutral
2018-04-26,Neutral
2018-04-27,Neutral
2018-04-30,Neutral
2018-05-01,Neutral
2018-05-02,Neutral
2018-05-03,Neutral
2018-05-04,Neutral
2018-05-07,Neutral
2018-05-08,Neutral
2018-05-09,Neutral
2018-05-10,Neutral
2018-05-11,Neutral
2018-05-14,Neutral
2018-05-15,Neutral
2018-05-16,Neutral
2018-05-17,Neutral
2018-05-18,Neutral
2018-05-21,Neutral
2018-05-22,Neutral
2018-05-23,Neutral
2018-05-24,Neutral
2018-05-25,Neutral
2018-05-28,Neutral
2018-05-29,Neutral
2018-05-30,Neutral
2018-05-31,Neutral
2018-06-01,Neutral
2018-06-04,Neutral
2018-06-05,Neutral
2018-06-06,Neutral
2018-06-07,Neutral
2018-06-08,Neutral
2018-06-11,Neutral
2018-06-12,Neutral
2018-06-13,Neutral
2018-06-14,Neutral
2018-06-15,Neutral
2018-06-18,Neutral
2018-06-19,Neutral
2018-06-20,Neutral
2018-06-21,Neutral
2018-06-22,Neutral
2018-06-25,Neutral
2018-06-26,Neutral
2018-06-27,Neutral
2018-06-28,Neutral
2018-06-29,Neutral
2018-07-02,Neutral
2018-07-03,Neutral
2018-07-04,Neutral
2018-07-05,Neutral
2018-07-06,Neutral
2018-07-09,Neutral
2018-07-10,Neutral
2018-07-11,Neutral
2018-07-12,Neutral
2018-07-13,Neutral
2018-07-16,Neutral
2018-07-17,Neutral
2018-07-18,Neutral
2018-07-19,Neutral
2018-07-20,Neutral
2018-07-23,Neutral
2018-07-24,Neutral
2018-07-25,Neutral
2018-07-26,Neutral
2018-07-27,Neutral
2018-07-30,Neutral
2018-07-31,Neutral
2018-08-01,Neutral
2018-08-02,Neutral
2018-08-03,Neutral
2018-08-06,Neutral
2018-08-07,Neutral
2018-08-08,Neutral
2018-08-09,Neutral
2018-08-10,Neutral
2018-08-13,Neutral
2018-08-14,Neutral
2018-08-15,Neutral
2018-08-16,Neutral
2018-08-17,Neutral
2018-08-20,Neutral
2018-08-21,Neutral
2018-08-22,Neutral
2018-08-23,Neutral
2018-08-24,Neutral
2018-08-27,Neutral
2018-08-28,Neutral
2018-08-29,Neutral
2018-08-30,Neutral
2018-08-31,Neutral
2018-09-03,Neutral
2018-09-04,Neutral
2018-09-05,Neutral
2018-09-06,Neutral
2018-09-07,Neutral
2018-09-10,Neutral
2018-09-11,Neutral
2018-09-12,Neutral
2018-09-13,Neutral
2018-09-14,Neutral
2018-09-17,Neutral
2018-09-18,Neutral
2018-09-19,Neutral
2018-09-20,Neutral
2018-09-21,Neutral
2018-09-24,Neutral
2018-09-25,Neutral
2018-09-26,Neutral
2018-09-27,Neutral
2018-09-28,Neutral
2018-10-01,Neutral
2018-10-02,Neutral
2018-10-03,Neutral
2018-10-04,Neutral
2018-10-05,Calibrated tightening
2018-10-08,Calibrated tightening
2018-10-09,Calibrated tightening
2018-10-10,Calibrated tightening
2018-10-11,Calibrated tightening
2018-10-12,Calibrated tightening
2018-10-15,Calibrated tightening
2018-10-16,Calibrated tightening
2018-10-17,Calibrated tightening
2018-10-18,Calibrated tightening
2018-10-19,Calibrated tightening
2018-10-22,Calibrated tightening
2018-10-23,Calibrated tightening
2018-10-24,Calibrated tightening
2018-10-25,Calibrated tightening
2018-10-26,Calibrated tightening
2018-10-29,Calibrated tightening
2018-10-30,Calibrated tightening
2018-10-31,Calibrated tightening
2018-11-01,Calibrated tightening
2018-11-02,Calibrated tightening
2018-11-05,Calibrated tightening
2018-11-06,Calibrated tightening
2018-11-07,Calibrated tightening
2018-11-08,Calibrated tightening
2018-11-09,Calibrated tightening
2018-11-12,Calibrated tightening
2018-11-13,Calibrated tightening
2018-11-14,Calibrated tightening
2018-11-15,Calibrated tightening
2018-11-16,Calibrated tightening
2018-11-19,Calibrated tightening
2018-11-20,Calibrated tightening
2018-11-21,Calibrated tightening
2018-11-22,Calibrated tightening
2018-11-23,Calibrated tightening
2018-11-26,Calibrated tightening
2018-11-27,Calibrated tightening
2018-11-28,Calibrated tightening
2018-11-29,Calibrated tightening
2018-11-30,Calibrated tightening
2018-12-03,Calibrated tightening
2018-12-04,Calibrated tightening
2018-12-05,Calibrated tightening
2018-12-06,Calibrated tightening
2018-12-07,Calibrated tightening
2018-12-10,Calibrated tightening
2018-12-11,Calibrated tightening
2018-12-12,Calibrated tightening
2018-12-13,Calibrated tightening
2018-12-14,Calibrated tightening
2018-12-17,Calibrated tightening
2018-12-18,Calibrated tightening
2018-12-19,Calibrated tightening
2018-12-20,Calibrated tightening
2018-12-21,Calibrated tightening
2018-12-24,Calibrated tightening
2018-12-25,Calibrated tightening
2018-12-26,Calibrated tightening
2018-12-27,Calibrated tightening
2018-12-28,Calibrated tightening
2018-12-31,Calibrated tightening
2019-01-01,Calibrated tightening
2019-01-02,Calibrated tightening
2019-01-03,Calibrated tightening
2019-01-04,Calibrated tightening
2019-01-07,Calibrated tightening
2019-01-08,Calibrated tightening
2019-01-09,Calibrated tightening
2019-01-10,Calibrated tightening
2019-01-11,Calibrated tightening
2019-01-14,Calibrated tightening
2019-01-15,Calibrated tightening
2019-01-16,Calibrated tightening
2019-01-17,Calibrated tightening
2019-01-18,Calibrated tightening
2019-01-21,Calibrated tightening
2019-01-22,Calibrated tightening
2019-01-23,Calibrated tightening
2019-01-24,Calibrated tightening
2019-01-25,Calibrated tightening
2019-01-28,Calibrated tightening
2019-01-29,Calibrated tightening
2019-01-30,Calibrated tightening
2019-01-31,Calibrated tightening
2019-02-01,Calibrated tightening
2019-02-04,Calibrated tightening
2019-02-05,Calibrated tightening
2019-02-06,Calibrated tightening
2019-02-07,Neutral
2019-02-08,Neutral
2019-02-11,Neutral
2019-02-12,Neutral
2019-02-13,Neutral
2019-02-14,Neutral
2019-02-15,Neutral
2019-02-18,Neutral
2019-02-19,Neutral
2019-02-20,Neutral
2019-02-21,Neutral
2019-02-22,Neutral
2019-02-25,Neutral
2019-02-26,Neutral
2019-02-27,Neutral
2019-02-28,Neutral
2019-03-01,Neutral
2019-03-04,Neutral
2019-03-05,Neutral
2019-03-06,Neutral
2019-03-07,Neutral
2019-03-08,Neutral
2019-03-11,Neutral
2019-03-12,Neutral
2019-03-13,Neutral
2019-03-14,Neutral
2019-03-15,Neutral
2019-03-18,Neutral
2019-03-19,Neutral
2019-03-20,Neutral
2019-03-21,Neutral
2019-03-22,Neutral
2019-03-25,Neutral
2019-03-26,Neutral
2019-03-27,Neutral
2019-03-28,Neutral
2019-03-29,Neutral
2019-04-01,Neutral
2019-04-02,Neutral
2019-04-03,Neutral
2019-04-04,Neutral
2019-04-05,Neutral
2019-04-08,Neutral
2019-04-09,Neutral
2019-04-10,Neutral
2019-04-11,Neutral
2019-04-12,Neutral
2019-04-15,Neutral
2019-04-16,Neutral
2019-04-17,Neutral
2019-04-18,Neutral
2019-04-19,Neutral
2019-04-22,Neutral
2019-04-23,Neutral
2019-04-24,Neutral
2019-04-25,Neutral
2019-04-26,Neutral
2019-04-29,Neutral
2019-04-30,Neutral
2019-05-01,Neutral
2019-05-02,Neutral
2019-05-03,Neutral
2019-05-06,Neutral
2019-05-07,Neutral
2019-05-08,Neutral
2019-05-09,Neutral
2019-05-10,Neutral
2019-05-13,Neutral
2019-05-14,Neutral
2019-05-15,Neutral
2019-05-16,Neutral
2019-05-17,Neutral
2019-05-20,Neutral
2019-05-21,Neutral
2019-05-22,Neutral
2019-05-23,Neutral
2019-05-24,Neutral
2019-05-27,Neutral
2019-05-28,Neutral
2019-05-29,Neutral
2019-05-30,Neutral
2019-05-31,Neutral
2019-06-03,Neutral
2019-06-04,Neutral
2019-06-05,Neutral
2019-06-06,Accommodative
2019-06-07,Accommodative
2019-06-10,Accommodative
2019-06-11,Accommodative
2019-06-12,Accommodative
2019-06-13,Accommodative
2019-06-14,Accommodative
2019-06-17,Accommodative
2019-06-18,Accommodative
2019-06-19,Accommodative
2019-06-20,Accommodative
2019-06-21,Accommodative
2019-06-24,Accommodative
2019-06-25,Accommodative
2019-06-26,Accommodative
2019-06-27,Accommodative
2019-06-28,Accommodative
2019-07-01,Accommodative
2019-07-02,Accommodative
2019-07-03,Accommodative
2019-07-04,Accommodative
2019-07-05,Accommodative
2019-07-08,Accommodative
2019-07-09,Accommodative
2019-07-10,Accommodative
2019-07-11,Accommodative
2019-07-12,Accommodative
2019-07-15,Accommodative
2019-07-16,Accommodative
2019-07-17,Accommodative
2019-07-18,Accommodative
2019-07-19,Accommodative
2019-07-22,Accommodative
2019-07-23,Accommodative
2019-07-24,Accommodative
2019-07-25,Accommodative
2019-07-26,Accommodative
2019-07-29,Accommodative
2019-07-30,Accommodative
2019-07-31,Accommodative
2019-08-01,Accommodative
2019-08-02,Accommodative
2019-08-05,Accommodative
2019-08-06,Accommodative
2019-08-07,Accommodative
2019-08-08,Accommodative
2019-08-09,Accommodative
2019-08-12,Accommodative
2019-08-13,Accommodative
2019-08-14,Accommodative
2019-08-15,Accommodative
2019-08-16,Accommodative
2019-08-19,Accommodative
2019-08-20,Accommodative
2019-08-21,Accommodative
2019-08-22,Accommodative
2019-08-23,Accommodative
2019-08-26,Accommodative
2019-08-27,Accommodative
2019-08-28,Accommodative
2019-08-29,Accommodative
2019-08-30,Accommodative
2019-09-02,Accommodative
2019-09-03,Accommodative
2019-09-04,Accommodative
2019-09-05,Accommodative
2019-09-06,Accommodative
2019-09-09,Accommodative
2019-09-10,Accommodative
2019-09-11,Accommodative
2019-09-12,Accommodative
2019-09-13,Accommodative
2019-09-16,Accommodative
2019-09-17,Accommodative
2019-09-18,Accommodative
2019-09-19,Accommodative
2019-09-20,Accommodative
2019-09-23,Accommodative
2019-09-24,Accommodative
2019-09-25,Accommodative
2019-09-26,Accommodative
2019-09-27,Accommodative
2019-09-30,Accommodative
2019-10-01,Accommodative
2019-10-02,Accommodative
2019-10-03,Accommodative
2019-10-04,Accommodative
2019-10-07,Accommodative
2019-10-08,Accommodative
2019-10-09,Accommodative
2019-10-10,Accommodative
2019-10-11,Accommodative
2019-10-14,Accommodative
2019-10-15,Accommodative
2019-10-16,Accommodative
2019-10-17,Accommodative
2019-10-18,Accommodative
2019-10-21,Accommodative
2019-10-22,Accommodative
2019-10-23,Accommodative
2019-10-24,Accommodative
2019-10-25,Accommodative
2019-10-28,Accommodative
2019-10-29,Accommodative
2019-10-30,Accommodative
2019-10-31,Accommodative
2019-11-01,Accommodative
2019-11-04,Accommodative
2019-11-05,Accommodative
2019-11-06,Accommodative
2019-11-07,Accommodative
2019-11-08,Accommodative
2019-11-11,Accommodative
2019-11-12,Accommodative
2019-11-13,Accommodative
2019-11-14,Accommodative
2019-11-15,Accommodative
2019-11-18,Accommodative
2019-11-19,Accommodative
2019-11-20,Accommodative
2019-11-21,Accommodative
2019-11-22,Accommodative
2019-11-25,Accommodative
2019-11-26,Accommodative
2019-11-27,Accommodative
2019-11-28,Accommodative
2019-11-29,Accommodative
2019-12-02,Accommodative
2019-12-03,Accommodative
2019-12-04,Accommodative
2019-12-05,Accommodative
2019-12-06,Accommodative
2019-12-09,Accommodative
2019-12-10,Accommodative
2019-12-11,Accommodative
2019-12-12,Accommodative
2019-12-13,Accommodative
2019-12-16,Accommodative
2019-12-17,Accommodative
2019-12-18,Accommodative
2019-12-19,Accommodative
2019-12-20,Accommodative
2019-12-23,Accommodative
2019-12-24,Accommodative
2019-12-25,Accommodative
2019-12-26,Accommodative
2019-12-27,Accommodative
2019-12-30,Accommodative
2019-12-31,Accommodative
2020-01-01,Accommodative
2020-01-02,Accommodative
2020-01-03,Accommodative
2020-01-06,Accommodative
2020-01-07,Accommodative
2020-01-08,Accommodative
2020-01-09,Accommodative
2020-01-10,Accommodative
2020-01-13,Accommodative
2020-01-14,Accommodative
2020-01-15,Accommodative
2020-01-16,Accommodative
2020-01-17,Accommodative
2020-01-20,Accommodative
2020-01-21,Accommodative
2020-01-22,Accommodative
2020-01-23,Accommodative
2020-01-24,Accommodative
2020-01-27,Accommodative
2020-01-28,Accommodative
2020-01-29,Accommodative
2020-01-30,Accommodative
2020-01-31,Accommodative
2020-02-03,Accommodative
2020-02-04,Accommodative
2020-02-05,Accommodative
2020-02-06,Accommodative
2020-02-07,Accommodative
2020-02-10,Accommodative
2020-02-11,Accommodative
2020-02-12,Accommodative
2020-02-13,Accommodative
2020-02-14,Accommodative
2020-02-17,Accommodative
2020-02-18,Accommodative
2020-02-19,Accommodative
2020-02-20,Accommodative
2020-02-21,Accommodative
2020-02-24,Accommodative
2020-02-25,Accommodative
2020-02-26,Accommodative
2020-02-27,Accommodative
2020-02-28,Accommodative
2020-03-02,Accommodative
2020-03-03,Accommodative
2020-03-04,Accommodative
2020-03-05,Accommodative
2020-03-06,Accommodative
2020-03-09,Accommodative
2020-03-10,Accommodative
2020-03-11,Accommodative
2020-03-12,Accommodative
2020-03-13,Accommodative
2020-03-16,Accommodative
2020-03-17,Accommodative
2020-03-18,Accommodative
2020-03-19,Accommodative
2020-03-20,Accommodative
2020-03-23,Accommodative
2020-03-24,Accommodative
2020-03-25,Accommodative
2020-03-26,Accommodative
2020-03-27,Accommodative
2020-03-30,Accommodative
2020-03-31,Accommodative
2020-04-01,Accommodative
2020-04-02,Accommodative
2020-04-03,Accommodative
2020-04-06,Accommodative
2020-04-07,Accommodative
2020-04-08,Accommodative
2020-04-09,Accommodative
2020-04-10,Accommodative
2020-04-13,Accommodative
2020-04-14,Accommodative
2020-04-15,Accommodative
2020-04-16,Accommodative
2020-04-17,Accommodative
2020-04-20,Accommodative
2020-04-21,Accommodative
2020-04-22,Accommodative
2020-04-23,Accommodative
2020-04-24,Accommodative
2020-04-27,Accommodative
2020-04-28,Accommodative
2020-04-29,Accommodative
2020-04-30,Accommodative
2020-05-01,Accommodative
2020-05-04,Accommodative
2020-05-05,Accommodative
2020-05-06,Accommodative
2020-05-07,Accommodative
2020-05-08,Accommodative
2020-05-11,Accommodative
2020-05-12,Accommodative
2020-05-13,Accommodative
2020-05-14,Accommodative
2020-05-15,Accommodative
2020-05-18,Accommodative
2020-05-19,Accommodative
2020-05-20,Accommodative
2020-05-21,Accommodative
2020-05-22,Accommodative
2020-05-25,Accommodative
2020-05-26,Accommodative
2020-05-27,Accommodative
2020-05-28,Accommodative
2020-05-29,Accommodative
2020-06-01,Accommodative
2020-06-02,Accommodative
2020-06-03,Accommodative
2020-06-04,Accommodative
2020-06-05,Accommodative
2020-06-08,Accommodative
2020-06-09,Accommodative
2020-06-10,Accommodative
2020-06-11,Accommodative
2020-06-12,Accommodative
2020-06-15,Accommodative
2020-06-16,Accommodative
2020-06-17,Accommodative
2020-06-18,Accommodative
2020-06-19,Accommodative
2020-06-22,Accommodative
2020-06-23,Accommodative
2020-06-24,Accommodative
2020-06-25,Accommodative
2020-06-26,Accommodative
2020-06-29,Accommodative
2020-06-30,Accommodative
2020-07-01,Accommodative
2020-07-02,Accommodative
2020-07-03,Accommodative
2020-07-06,Accommodative
2020-07-07,Accommodative
2020-07-08,Accommodative
2020-07-09,Accommodative
2020-07-10,Accommodative
2020-07-13,Accommodative
2020-07-14,Accommodative
2020-07-15,Accommodative
2020-07-16,Accommodative
2020-07-17,Accommodative
2020-07-20,Accommodative
2020-07-21,Accommodative
2020-07-22,Accommodative
2020-07-23,Accommodative
2020-07-24,Accommodative
2020-07-27,Accommodative
2020-07-28,Accommodative
2020-07-29,Accommodative
2020-07-30,Accommodative
2020-07-31,Accommodative
2020-08-03,Accommodative
2020-08-04,Accommodative
2020-08-05,Accommodative
2020-08-06,Accommodative
2020-08-07,Accommodative
2020-08-10,Accommodative
2020-08-11,Accommodative
2020-08-12,Accommodative
2020-08-13,Accommodative
2020-08-14,Accommodative
2020-08-17,Accommodative
2020-08-18,Accommodative
2020-08-19,Accommodative
2020-08-20,Accommodative
2020-08-21,Accommodative
2020-08-24,Accommodative
2020-08-25,Accommodative
2020-08-26,Accommodative
2020-08-27,Accommodative
2020-08-28,Accommodative
2020-08-31,Accommodative
2020-09-01,Accommodative
2020-09-02,Accommodative
2020-09-03,Accommodative
2020-09-04,Accommodative
2020-09-07,Accommodative
2020-09-08,Accommodative
2020-09-09,Accommodative
2020-09-10,Accommodative
2020-09-11,Accommodative
2020-09-14,Accommodative
2020-09-15,Accommodative
2020-09-16,Accommodative
2020-09-17,Accommodative
2020-09-18,Accommodative
2020-09-21,Accommodative
2020-09-22,Accommodative
2020-09-23,Accommodative
2020-09-24,Accommodative
2020-09-25,Accommodative
2020-09-28,Accommodative
2020-09-29,Accommodative
2020-09-30,Accommodative
2020-10-01,Accommodative
2020-10-02,Accommodative
2020-10-05,Accommodative
2020-10-06,Accommodative
2020-10-07,Accommodative
2020-10-08,Accommodative
2020-10-09,Accommodative
2020-10-12,Accommodative
2020-10-13,Accommodative
2020-10-14,Accommodative
2020-10-15,Accommodative
2020-10-16,Accommodative
2020-10-19,Accommodative
2020-10-20,Accommodative
2020-10-21,Accommodative
2020-10-22,Accommodative
2020-10-23,Accommodative
2020-10-26,Accommodative
2020-10-27,Accommodative
2020-10-28,Accommodative
2020-10-29,Accommodative
2020-10-30,Accommodative
2020-11-02,Accommodative
2020-11-03,Accommodative
2020-11-04,Accommodative
2020-11-05,Accommodative
2020-11-06,Accommodative
2020-11-09,Accommodative
2020-11-10,Accommodative
2020-11-11,Accommodative
2020-11-12,Accommodative
2020-11-13,Accommodative
2020-11-16,Accommodative
2020-11-17,Accommodative
2020-11-18,Accommodative
2020-11-19,Accommodative
2020-11-20,Accommodative
2020-11-23,Accommodative
2020-11-24,Accommodative
2020-11-25,Accommodative
2020-11-26,Accommodative
2020-11-27,Accommodative
2020-11-30,Accommodative
2020-12-01,Accommodative
2020-12-02,Accommodative
2020-12-03,Accommodative
2020-12-04,Accommodative
2020-12-07,Accommodative
2020-12-08,Accommodative
2020-12-09,Accommodative
2020-12-10,Accommodative
2020-12-11,Accommodative
2020-12-14,Accommodative
2020-12-15,Accommodative
2020-12-16,Accommodative
2020-12-17,Accommodative
2020-12-18,Accommodative
2020-12-21,Accommodative
2020-12-22,Accommodative
2020-12-23,Accommodative
2020-12-24,Accommodative
2020-12-25,Accommodative
2020-12-28,Accommodative
2020-12-29,Accommodative
2020-12-30,Accommodative
2020-12-31,Accommodative
2021-01-01,Accommodative
2021-01-04,Accommodative
2021-01-05,Accommodative
2021-01-06,Accommodative
2021-01-07,Accommodative
2021-01-08,Accommodative
2021-01-11,Accommodative
2021-01-12,Accommodative
2021-01-13,Accommodative
2021-01-14,Accommodative
2021-01-15,Accommodative
2021-01-18,Accommodative
2021-01-19,Accommodative
2021-01-20,Accommodative
2021-01-21,Accommodative
2021-01-22,Accommodative
2021-01-25,Accommodative
2021-01-26,Accommodative
2021-01-27,Accommodative
2021-01-28,Accommodative
2021-01-29,Accommodative
2021-02-01,Accommodative
2021-02-02,Accommodative
2021-02-03,Accommodative
2021-02-04,Accommodative
2021-02-05,Accommodative
2021-02-08,Accommodative
2021-02-09,Accommodative
2021-02-10,Accommodative
2021-02-11,Accommodative
2021-02-12,Accommodative
2021-02-15,Accommodative
2021-02-16,Accommodative
2021-02-17,Accommodative
2021-02-18,Accommodative
2021-02-19,Accommodative
2021-02-22,Accommodative
2021-02-23,Accommodative
2021-02-24,Accommodative
2021-02-25,Accommodative
2021-02-26,Accommodative
2021-03-01,Accommodative
2021-03-02,Accommodative
2021-03-03,Accommodative
2021-03-04,Accommodative
2021-03-05,Accommodative
2021-03-08,Accommodative
2021-03-09,Accommodative
2021-03-10,Accommodative
2021-03-11,Accommodative
2021-03-12,Accommodative
2021-03-15,Accommodative
2021-03-16,Accommodative
2021-03-17,Accommodative
2021-03-18,Accommodative
2021-03-19,Accommodative
2021-03-22,Accommodative
2021-03-23,Accommodative
2021-03-24,Accommodative
2021-03-25,Accommodative
2021-03-26,Accommodative
2021-03-29,Accommodative
2021-03-30,Accommodative
2021-03-31,Accommodative
2021-04-01,Accommodative
2021-04-02,Accommodative
2021-04-05,Accommodative
2021-04-06,Accommodative
2021-04-07,Accommodative
2021-04-08,Accommodative
2021-04-09,Accommodative
2021-04-12,Accommodative
2021-04-13,Accommodative
2021-04-14,Accommodative
2021-04-15,Accommodative
2021-04-16,Accommodative
2021-04-19,Accommodative
2021-04-20,Accommodative
2021-04-21,Accommodative
2021-04-22,Accommodative
2021-04-23,Accommodative
2021-04-26,Accommodative
2021-04-27,Accommodative
2021-04-28,Accommodative
2021-04-29,Accommodative
2021-04-30,Accommodative
2021-05-03,Accommodative
2021-05-04,Accommodative
2021-05-05,Accommodative
2021-05-06,Accommodative
2021-05-07,Accommodative
2021-05-10,Accommodative
2021-05-11,Accommodative
2021-05-12,Accommodative
2021-05-13,Accommodative
2021-05-14,Accommodative
2021-05-17,Accommodative
2021-05-18,Accommodative
2021-05-19,Accommodative
2021-05-20,Accommodative
2021-05-21,Accommodative
2021-05-24,Accommodative
2021-05-25,Accommodative
2021-05-26,Accommodative
2021-05-27,Accommodative
2021-05-28,Accommodative
2021-05-31,Accommodative
2021-06-01,Accommodative
2021-06-02,Accommodative
2021-06-03,Accommodative
2021-06-04,Accommodative
2021-06-07,Accommodative
2021-06-08,Accommodative
2021-06-09,Accommodative
2021-06-10,Accommodative
2021-06-11,Accommodative
2021-06-14,Accommodative
2021-06-15,Accommodative
2021-06-16,Accommodative
2021-06-17,Accommodative
2021-06-18,Accommodative
2021-06-21,Accommodative
2021-06-22,Accommodative
2021-06-23,Accommodative
2021-06-24,Accommodative
2021-06-25,Accommodative
2021-06-28,Accommodative
2021-06-29,Accommodative
2021-06-30,Accommodative
2021-07-01,Accommodative
2021-07-02,Accommodative
2021-07-05,Accommodative
2021-07-06,Accommodative
2021-07-07,Accommodative
2021-07-08,Accommodative
2021-07-09,Accommodative
2021-07-12,Accommodative
2021-07-13,Accommodative
2021-07-14,Accommodative
2021-07-15,Accommodative
2021-07-16,Accommodative
2021-07-19,Accommodative
2021-07-20,Accommodative
2021-07-21,Accommodative
2021-07-22,Accommodative
2021-07-23,Accommodative
2021-07-26,Accommodative
2021-07-27,Accommodative
2021-07-28,Accommodative
2021-07-29,Accommodative
2021-07-30,Accommodative
2021-08-02,Accommodative
2021-08-03,Accommodative
2021-08-04,Accommodative
2021-08-05,Accommodative
2021-08-06,Accommodative
2021-08-09,Accommodative
2021-08-10,Accommodative
2021-08-11,Accommodative
2021-08-12,Accommodative
2021-08-13,Accommodative
2021-08-16,Accommodative
2021-08-17,Accommodative
2021-08-18,Accommodative
2021-08-19,Accommodative
2021-08-20,Accommodative
2021-08-23,Accommodative
2021-08-24,Accommodative
2021-08-25,Accommodative
2021-08-26,Accommodative
2021-08-27,Accommodative
2021-08-30,Accommodative
2021-08-31,Accommodative
2021-09-01,Accommodative
2021-09-02,Accommodative
2021-09-03,Accommodative
2021-09-06,Accommodative
2021-09-07,Accommodative
2021-09-08,Accommodative
2021-09-09,Accommodative
2021-09-10,Accommodative
2021-09-13,Accommodative
2021-09-14,Accommodative
2021-09-15,Accommodative
2021-09-16,Accommodative
2021-09-17,Accommodative
2021-09-20,Accommodative
2021-09-21,Accommodative
2021-09-22,Accommodative
2021-09-23,Accommodative
2021-09-24,Accommodative
2021-09-27,Accommodative
2021-09-28,Accommodative
2021-09-29,Accommodative
2021-09-30,Accommodative
2021-10-01,Accommodative
2021-10-04,Accommodative
2021-10-05,Accommodative
2021-10-06,Accommodative
2021-10-07,Accommodative
2021-10-08,Accommodative
2021-10-11,Accommodative
2021-10-12,Accommodative
2021-10-13,Accommodative
2021-10-14,Accommodative
2021-10-15,Accommodative
2021-10-18,Accommodative
2021-10-19,Accommodative
2021-10-20,Accommodative
2021-10-21,Accommodative
2021-10-22,Accommodative
2021-10-25,Accommodative
2021-10-26,Accommodative
2021-10-27,Accommodative
2021-10-28,Accommodative
2021-10-29,Accommodative
2021-11-01,Accommodative
2021-11-02,Accommodative
2021-11-03,Accommodative
2021-11-04,Accommodative
2021-11-05,Accommodative
2021-11-08,Accommodative
2021-11-09,Accommodative
2021-11-10,Accommodative
2021-11-11,Accommodative
2021-11-12,Accommodative
2021-11-15,Accommodative
2021-11-16,Accommodative
2021-11-17,Accommodative
2021-11-18,Accommodative
2021-11-19,Accommodative
2021-11-22,Accommodative
2021-11-23,Accommodative
2021-11-24,Accommodative
2021-11-25,Accommodative
2021-11-26,Accommodative
2021-11-29,Accommodative
2021-11-30,Accommodative
2021-12-01,Accommodative
2021-12-02,Accommodative
2021-12-03,Accommodative
2021-12-06,Accommodative
2021-12-07,Accommodative
2021-12-08,Accommodative
2021-12-09,Accommodative
2021-12-10,Accommodative
2021-12-13,Accommodative
2021-12-14,Accommodative
2021-12-15,Accommodative
2021-12-16,Accommodative
2021-12-17,Accommodative
2021-12-20,Accommodative
2021-12-21,Accommodative
2021-12-22,Accommodative
2021-12-23,Accommodative
2021-12-24,Accommodative
2021-12-27,Accommodative
2021-12-28,Accommodative
2021-12-29,Accommodative
2021-12-30,Accommodative
2021-12-31,Accommodative
2022-01-03,Accommodative
2022-01-04,Accommodative
2022-01-05,Accommodative
2022-01-06,Accommodative
2022-01-07,Accommodative
2022-01-10,Accommodative
2022-01-11,Accommodative
2022-01-12,Accommodative
2022-01-13,Accommodative
2022-01-14,Accommodative
2022-01-17,Accommodative
2022-01-18,Accommodative
2022-01-19,Accommodative
2022-01-20,Accommodative
2022-01-21,Accommodative
2022-01-24,Accommodative
2022-01-25,Accommodative
2022-01-26,Accommodative
2022-01-27,Accommodative
2022-01-28,Accommodative
2022-01-31,Accommodative
2022-02-01,Accommodative
2022-02-02,Accommodative
2022-02-03,Accommodative
2022-02-04,Accommodative
2022-02-07,Accommodative
2022-02-08,Accommodative
2022-02-09,Accommodative
2022-02-10,Accommodative
2022-02-11,Accommodative
2022-02-14,Accommodative
2022-02-15,Accommodative
2022-02-16,Accommodative
2022-02-17,Accommodative
2022-02-18,Accommodative
2022-02-21,Accommodative
2022-02-22,Accommodative
2022-02-23,Accommodative
2022-02-24,Accommodative
2022-02-25,Accommodative
2022-02-28,Accommodative
2022-03-01,Accommodative
2022-03-02,Accommodative
2022-03-03,Accommodative
2022-03-04,Accommodative
2022-03-07,Accommodative
2022-03-08,Accommodative
2022-03-09,Accommodative
2022-03-10,Accommodative
2022-03-11,Accommodative
2022-03-14,Accommodative
2022-03-15,Accommodative
2022-03-16,Accommodative
2022-03-17,Accommodative
2022-03-18,Accommodative
2022-03-21,Accommodative
2022-03-22,Accommodative
2022-03-23,Accommodative
2022-03-24,Accommodative
2022-03-25,Accommodative
2022-03-28,Accommodative
2022-03-29,Accommodative
2022-03-30,Accommodative
2022-03-31,Accommodative
2022-04-01,Accommodative
2022-04-04,Accommodative
2022-04-05,Accommodative
2022-04-06,Accommodative
2022-04-07,Accommodative
2022-04-08,Withdrawal of accommodation
2022-04-11,Withdrawal of accommodation
2022-04-12,Withdrawal of accommodation
2022-04-13,Withdrawal of accommodation
2022-04-14,Withdrawal of accommodation
2022-04-15,Withdrawal of accommodation
2022-04-18,Withdrawal of accommodation
2022-04-19,Withdrawal of accommodation
2022-04-20,Withdrawal of accommodation
2022-04-21,Withdrawal of accommodation
2022-04-22,Withdrawal of accommodation
2022-04-25,Withdrawal of accommodation
2022-04-26,Withdrawal of accommodation
2022-04-27,Withdrawal of accommodation
2022-04-28,Withdrawal of accommodation
2022-04-29,Withdrawal of accommodation
2022-05-02,Withdrawal of accommodation
2022-05-03,Withdrawal of accommodation
2022-05-04,Withdrawal of accommodation
2022-05-05,Withdrawal of accommodation
2022-05-06,Withdrawal of accommodation
2022-05-09,Withdrawal of accommodation
2022-05-10,Withdrawal of accommodation
2022-05-11,Withdrawal of accommodation
2022-05-12,Withdrawal of accommodation
2022-05-13,Withdrawal of accommodation
2022-05-16,Withdrawal of accommodation
2022-05-17,Withdrawal of accommodation
2022-05-18,Withdrawal of accommodation
2022-05-19,Withdrawal of accommodation
2022-05-20,Withdrawal of accommodation
2022-05-23,Withdrawal of accommodation
2022-05-24,Withdrawal of accommodation
2022-05-25,Withdrawal of accommodation
2022-05-26,Withdrawal of accommodation
2022-05-27,Withdrawal of accommodation
2022-05-30,Withdrawal of accommodation
2022-05-31,Withdrawal of accommodation
2022-06-01,Withdrawal of accommodation
2022-06-02,Withdrawal of accommodation
2022-06-03,Withdrawal of accommodation
2022-06-06,Withdrawal of accommodation
2022-06-07,Withdrawal of accommodation
2022-06-08,Withdrawal of accommodation
2022-06-09,Withdrawal of accommodation
2022-06-10,Withdrawal of accommodation
2022-06-13,Withdrawal of accommodation
2022-06-14,Withdrawal of accommodation
2022-06-15,Withdrawal of accommodation
2022-06-16,Withdrawal of accommodation
2022-06-17,Withdrawal of accommodation
2022-06-20,Withdrawal of accommodation
2022-06-21,Withdrawal of accommodation
2022-06-22,Withdrawal of accommodation
2022-06-23,Withdrawal of accommodation
2022-06-24,Withdrawal of accommodation
2022-06-27,Withdrawal of accommodation
2022-06-28,Withdrawal of accommodation
2022-06-29,Withdrawal of accommodation
2022-06-30,Withdrawal of accommodation
2022-07-01,Withdrawal of accommodation
2022-07-04,Withdrawal of accommodation
2022-07-05,Withdrawal of accommodation
2022-07-06,Withdrawal of accommodation
2022-07-07,Withdrawal of accommodation
2022-07-08,Withdrawal of accommodation
2022-07-11,Withdrawal of accommodation
2022-07-12,Withdrawal of accommodation
2022-07-13,Withdrawal of accommodation
2022-07-14,Withdrawal of accommodation
2022-07-15,Withdrawal of accommodation
2022-07-18,Withdrawal of accommodation
2022-07-19,Withdrawal of accommodation
2022-07-20,Withdrawal of accommodation
2022-07-21,Withdrawal of accommodation
2022-07-22,Withdrawal of accommodation
2022-07-25,Withdrawal of accommodation
2022-07-26,Withdrawal of accommodation
2022-07-27,Withdrawal of accommodation
2022-07-28,Withdrawal of accommodation
2022-07-29,Withdrawal of accommodation
2022-08-01,Withdrawal of accommodation
2022-08-02,Withdrawal of accommodation
2022-08-03,Withdrawal of accommodation
2022-08-04,Withdrawal of accommodation
2022-08-05,Withdrawal of accommodation
2022-08-08,Withdrawal of accommodation
2022-08-09,Withdrawal of accommodation
2022-08-10,Withdrawal of accommodation
2022-08-11,Withdrawal of accommodation
2022-08-12,Withdrawal of accommodation
2022-08-15,Withdrawal of accommodation
2022-08-16,Withdrawal of accommodation
2022-08-17,Withdrawal of accommodation
2022-08-18,Withdrawal of accommodation
2022-08-19,Withdrawal of accommodation
2022-08-22,Withdrawal of accommodation
2022-08-23,Withdrawal of accommodation
2022-08-24,Withdrawal of accommodation
2022-08-25,Withdrawal of accommodation
2022-08-26,Withdrawal of accommodation
2022-08-29,Withdrawal of accommodation
2022-08-30,Withdrawal of accommodation
2022-08-31,Withdrawal of accommodation
2022-09-01,Withdrawal of accommodation
2022-09-02,Withdrawal of accommodation
2022-09-05,Withdrawal of accommodation
2022-09-06,Withdrawal of accommodation
2022-09-07,Withdrawal of accommodation
2022-09-08,Withdrawal of accommodation
2022-09-09,Withdrawal of accommodation
2022-09-12,Withdrawal of accommodation
2022-09-13,Withdrawal of accommodation
2022-09-14,Withdrawal of accommodation
2022-09-15,Withdrawal of accommodation
2022-09-16,Withdrawal of accommodation
2022-09-19,Withdrawal of accommodation
2022-09-20,Withdrawal of accommodation
2022-09-21,Withdrawal of accommodation
2022-09-22,Withdrawal of accommodation
2022-09-23,Withdrawal of accommodation
2022-09-26,Withdrawal of accommodation
2022-09-27,Withdrawal of accommodation
2022-09-28,Withdrawal of accommodation
2022-09-29,Withdrawal of accommodation
2022-09-30,Withdrawal of accommodation
2022-10-03,Withdrawal of accommodation
2022-10-04,Withdrawal of accommodation
2022-10-05,Withdrawal of accommodation
2022-10-06,Withdrawal of accommodation
2022-10-07,Withdrawal of accommodation
2022-10-10,Withdrawal of accommodation
2022-10-11,Withdrawal of accommodation
2022-10-12,Withdrawal of accommodation
2022-10-13,Withdrawal of accommodation
2022-10-14,Withdrawal of accommodation
2022-10-17,Withdrawal of accommodation
2022-10-18,Withdrawal of accommodation
2022-10-19,Withdrawal of accommodation
2022-10-20,Withdrawal of accommodation
2022-10-21,Withdrawal of accommodation
2022-10-24,Withdrawal of accommodation
2022-10-25,Withdrawal of accommodation
2022-10-26,Withdrawal of accommodation
2022-10-27,Withdrawal of accommodation
2022-10-28,Withdrawal of accommodation
2022-10-31,Withdrawal of accommodation
2022-11-01,Withdrawal of accommodation
2022-11-02,Withdrawal of accommodation
2022-11-03,Withdrawal of accommodation
2022-11-04,Withdrawal of accommodation
2022-11-07,Withdrawal of accommodation
2022-11-08,Withdrawal of accommodation
2022-11-09,Withdrawal of accommodation
2022-11-10,Withdrawal of accommodation
2022-11-11,Withdrawal of accommodation
2022-11-14,Withdrawal of accommodation
2022-11-15,Withdrawal of accommodation
2022-11-16,Withdrawal of accommodation
2022-11-17,Withdrawal of accommodation
2022-11-18,Withdrawal of accommodation
2022-11-21,Withdrawal of accommodation
2022-11-22,Withdrawal of accommodation
2022-11-23,Withdrawal of accommodation
2022-11-24,Withdrawal of accommodation
2022-11-25,Withdrawal of accommodation
2022-11-28,Withdrawal of accommodation
2022-11-29,Withdrawal of accommodation
2022-11-30,Withdrawal of accommodation
2022-12-01,Withdrawal of accommodation
2022-12-02,Withdrawal of accommodation
2022-12-05,Withdrawal of accommodation
2022-12-06,Withdrawal of accommodation
2022-12-07,Withdrawal of accommodation
2022-12-08,Withdrawal of accommodation
2022-12-09,Withdrawal of accommodation
2022-12-12,Withdrawal of accommodation
2022-12-13,Withdrawal of accommodation
2022-12-14,Withdrawal of accommodation
2022-12-15,Withdrawal of accommodation
2022-12-16,Withdrawal of accommodation
2022-12-19,Withdrawal of accommodation
2022-12-20,Withdrawal of accommodation
2022-12-21,Withdrawal of accommodation
2022-12-22,Withdrawal of accommodation
2022-12-23,Withdrawal of accommodation
2022-12-26,Withdrawal of accommodation
2022-12-27,Withdrawal of accommodation
2022-12-28,Withdrawal of accommodation
2022-12-29,Withdrawal of accommodation
2022-12-30,Withdrawal of accommodation
2023-01-02,Withdrawal of accommodation
2023-01-03,Withdrawal of accommodation
2023-01-04,Withdrawal of accommodation
2023-01-05,Withdrawal of accommodation
2023-01-06,Withdrawal of accommodation
2023-01-09,Withdrawal of accommodation
2023-01-10,Withdrawal of accommodation
2023-01-11,Withdrawal of accommodation
2023-01-12,Withdrawal of accommodation
2023-01-13,Withdrawal of accommodation
2023-01-16,Withdrawal of accommodation
2023-01-17,Withdrawal of accommodation
2023-01-18,Withdrawal of accommodation
2023-01-19,Withdrawal of accommodation
2023-01-20,Withdrawal of accommodation
2023-01-23,Withdrawal of accommodation
2023-01-24,Withdrawal of accommodation
2023-01-25,Withdrawal of accommodation
2023-01-26,Withdrawal of accommodation
2023-01-27,Withdrawal of accommodation
2023-01-30,Withdrawal of accommodation
2023-01-31,Withdrawal of accommodation
2023-02-01,Withdrawal of accommodation
2023-02-02,Withdrawal of accommodation
2023-02-03,Withdrawal of accommodation
2023-02-06,Withdrawal of accommodation
2023-02-07,Withdrawal of accommodation
2023-02-08,Withdrawal of accommodation
2023-02-09,Withdrawal of accommodation
2023-02-10,Withdrawal of accommodation
2023-02-13,Withdrawal of accommodation
2023-02-14,Withdrawal of accommodation
2023-02-15,Withdrawal of accommodation
2023-02-16,Withdrawal of accommodation
2023-02-17,Withdrawal of accommodation
2023-02-20,Withdrawal of accommodation
2023-02-21,Withdrawal of accommodation
2023-02-22,Withdrawal of accommodation
2023-02-23,Withdrawal of accommodation
2023-02-24,Withdrawal of accommodation
2023-02-27,Withdrawal of accommodation
2023-02-28,Withdrawal of accommodation
2023-03-01,Withdrawal of accommodation
2023-03-02,Withdrawal of accommodation
2023-03-03,Withdrawal of accommodation
2023-03-06,Withdrawal of accommodation
2023-03-07,Withdrawal of accommodation
2023-03-08,Withdrawal of accommodation
2023-03-09,Withdrawal of accommodation
2023-03-10,Withdrawal of accommodation
2023-03-13,Withdrawal of accommodation
2023-03-14,Withdrawal of accommodation
2023-03-15,Withdrawal of accommodation
2023-03-16,Withdrawal of accommodation
2023-03-17,Withdrawal of accommodation
2023-03-20,Withdrawal of accommodation
2023-03-21,Withdrawal of accommodation
2023-03-22,Withdrawal of accommodation
2023-03-23,Withdrawal of accommodation
2023-03-24,Withdrawal of accommodation
2023-03-27,Withdrawal of accommodation
2023-03-28,Withdrawal of accommodation
2023-03-29,Withdrawal of accommodation
2023-03-30,Withdrawal of accommodation
2023-03-31,Withdrawal of accommodation
2023-04-03,Withdrawal of accommodation
2023-04-04,Withdrawal of accommodation
2023-04-05,Withdrawal of accommodation
2023-04-06,Withdrawal of accommodation
2023-04-07,Withdrawal of accommodation
2023-04-10,Withdrawal of accommodation
2023-04-11,Withdrawal of accommodation
2023-04-12,Withdrawal of accommodation
2023-04-13,Withdrawal of accommodation
2023-04-14,Withdrawal of accommodation
2023-04-17,Withdrawal of accommodation
2023-04-18,Withdrawal of accommodation
2023-04-19,Withdrawal of accommodation
2023-04-20,Withdrawal of accommodation
2023-04-21,Withdrawal of accommodation
2023-04-24,Withdrawal of accommodation
2023-04-25,Withdrawal of accommodation
2023-04-26,Withdrawal of accommodation
2023-04-27,Withdrawal of accommodation
2023-04-28,Withdrawal of accommodation
2023-05-01,Withdrawal of accommodation
2023-05-02,Withdrawal of accommodation
2023-05-03,Withdrawal of accommodation
2023-05-04,Withdrawal of accommodation
2023-05-05,Withdrawal of accommodation
2023-05-08,Withdrawal of accommodation
2023-05-09,Withdrawal of accommodation
2023-05-10,Withdrawal of accommodation
2023-05-11,Withdrawal of accommodation
2023-05-12,Withdrawal of accommodation
2023-05-15,Withdrawal of accommodation
2023-05-16,Withdrawal of accommodation
2023-05-17,Withdrawal of accommodation
2023-05-18,Withdrawal of accommodation
2023-05-19,Withdrawal of accommodation
2023-05-22,Withdrawal of accommodation
2023-05-23,Withdrawal of accommodation
2023-05-24,Withdrawal of accommodation
2023-05-25,Withdrawal of accommodation
2023-05-26,Withdrawal of accommodation
2023-05-29,Withdrawal of accommodation
2023-05-30,Withdrawal of accommodation
2023-05-31,Withdrawal of accommodation
2023-06-01,Withdrawal of accommodation
2023-06-02,Withdrawal of accommodation
2023-06-05,Withdrawal of accommodation
2023-06-06,Withdrawal of accommodation
2023-06-07,Withdrawal of accommodation
2023-06-08,Withdrawal of accommodation
2023-06-09,Withdrawal of accommodation
2023-06-12,Withdrawal of accommodation
2023-06-13,Withdrawal of accommodation
2023-06-14,Withdrawal of accommodation
2023-06-15,Withdrawal of accommodation
2023-06-16,Withdrawal of accommodation
2023-06-19,Withdrawal of accommodation
2023-06-20,Withdrawal of accommodation
2023-06-21,Withdrawal of accommodation
2023-06-22,Withdrawal of accommodation
2023-06-23,Withdrawal of accommodation
2023-06-26,Withdrawal of accommodation
2023-06-27,Withdrawal of accommodation
2023-06-28,Withdrawal of accommodation
2023-06-29,Withdrawal of accommodation
2023-06-30,Withdrawal of accommodation
2023-07-03,Withdrawal of accommodation
2023-07-04,Withdrawal of accommodation
2023-07-05,Withdrawal of accommodation
2023-07-06,Withdrawal of accommodation
2023-07-07,Withdrawal of accommodation
2023-07-10,Withdrawal of accommodation
2023-07-11,Withdrawal of accommodation
2023-07-12,Withdrawal of accommodation
2023-07-13,Withdrawal of accommodation
2023-07-14,Withdrawal of accommodation
2023-07-17,Withdrawal of accommodation
2023-07-18,Withdrawal of accommodation
2023-07-19,Withdrawal of accommodation
2023-07-20,Withdrawal of accommodation
2023-07-21,Withdrawal of accommodation
2023-07-24,Withdrawal of accommodation
2023-07-25,Withdrawal of accommodation
2023-07-26,Withdrawal of accommodation
2023-07-27,Withdrawal of accommodation
2023-07-28,Withdrawal of accommodation
2023-07-31,Withdrawal of accommodation
2023-08-01,Withdrawal of accommodation
2023-08-02,Withdrawal of accommodation
2023-08-03,Withdrawal of accommodation
2023-08-04,Withdrawal of accommodation
2023-08-07,Withdrawal of accommodation
2023-08-08,Withdrawal of accommodation
2023-08-09,Withdrawal of accommodation
2023-08-10,Withdrawal of accommodation
2023-08-11,Withdrawal of accommodation
2023-08-14,Withdrawal of accommodation
2023-08-15,Withdrawal of accommodation
2023-08-16,Withdrawal of accommodation
2023-08-17,Withdrawal of accommodation
2023-08-18,Withdrawal of accommodation
2023-08-21,Withdrawal of accommodation
2023-08-22,Withdrawal of accommodation
2023-08-23,Withdrawal of accommodation
2023-08-24,Withdrawal of accommodation
2023-08-25,Withdrawal of accommodation
2023-08-28,Withdrawal of accommodation
2023-08-29,Withdrawal of accommodation
2023-08-30,Withdrawal of accommodation
2023-08-31,Withdrawal of accommodation
2023-09-01,Withdrawal of accommodation
2023-09-04,Withdrawal of accommodation
2023-09-05,Withdrawal of accommodation
2023-09-06,Withdrawal of accommodation
2023-09-07,Withdrawal of accommodation
2023-09-08,Withdrawal of accommodation
2023-09-11,Withdrawal of accommodation
2023-09-12,Withdrawal of accommodation
2023-09-13,Withdrawal of accommodation
2023-09-14,Withdrawal of accommodation
2023-09-15,Withdrawal of accommodation
2023-09-18,Withdrawal of accommodation
2023-09-19,Withdrawal of accommodation
2023-09-20,Withdrawal of accommodation
2023-09-21,Withdrawal of accommodation
2023-09-22,Withdrawal of accommodation
2023-09-25,Withdrawal of accommodation
2023-09-26,Withdrawal of accommodation
2023-09-27,Withdrawal of accommodation
2023-09-28,Withdrawal of accommodation
2023-09-29,Withdrawal of accommodation
2023-10-02,Withdrawal of accommodation
2023-10-03,Withdrawal of accommodation
2023-10-04,Withdrawal of accommodation
2023-10-05,Withdrawal of accommodation
2023-10-06,Withdrawal of accommodation
2023-10-09,Withdrawal of accommodation
2023-10-10,Withdrawal of accommodation
2023-10-11,Withdrawal of accommodation
2023-10-12,Withdrawal of accommodation
2023-10-13,Withdrawal of accommodation
2023-10-16,Withdrawal of accommodation
2023-10-17,Withdrawal of accommodation
2023-10-18,Withdrawal of accommodation
2023-10-19,Withdrawal of accommodation
2023-10-20,Withdrawal of accommodation
2023-10-23,Withdrawal of accommodation
2023-10-24,Withdrawal of accommodation
2023-10-25,Withdrawal of accommodation
2023-10-26,Withdrawal of accommodation
2023-10-27,Withdrawal of accommodation
2023-10-30,Withdrawal of accommodation
2023-10-31,Withdrawal of accommodation
2023-11-01,Withdrawal of accommodation
2023-11-02,Withdrawal of accommodation
2023-11-03,Withdrawal of accommodation
2023-11-06,Withdrawal of accommodation
2023-11-07,Withdrawal of accommodation
2023-11-08,Withdrawal of accommodation
2023-11-09,Withdrawal of accommodation
2023-11-10,Withdrawal of accommodation
2023-11-13,Withdrawal of accommodation
2023-11-14,Withdrawal of accommodation
2023-11-15,Withdrawal of accommodation
2023-11-16,Withdrawal of accommodation
2023-11-17,Withdrawal of accommodation
2023-11-20,Withdrawal of accommodation
2023-11-21,Withdrawal of accommodation
2023-11-22,Withdrawal of accommodation
2023-11-23,Withdrawal of accommodation
2023-11-24,Withdrawal of accommodation
2023-11-27,Withdrawal of accommodation
2023-11-28,Withdrawal of accommodation
2023-11-29,Withdrawal of accommodation
2023-11-30,Withdrawal of accommodation
2023-12-01,Withdrawal of accommodation
2023-12-04,Withdrawal of accommodation
2023-12-05,Withdrawal of accommodation
2023-12-06,Withdrawal of accommodation
2023-12-07,Withdrawal of accommodation
2023-12-08,Withdrawal of accommodation
2023-12-11,Withdrawal of accommodation
2023-12-12,Withdrawal of accommodation
2023-12-13,Withdrawal of accommodation
2023-12-14,Withdrawal of accommodation
2023-12-15,Withdrawal of accommodation
2023-12-18,Withdrawal of accommodation
2023-12-19,Withdrawal of accommodation
2023-12-20,Withdrawal of accommodation
2023-12-21,Withdrawal of accommodation
2023-12-22,Withdrawal of accommodation
2023-12-25,Withdrawal of accommodation
2023-12-26,Withdrawal of accommodation
2023-12-27,Withdrawal of accommodation
2023-12-28,Withdrawal of accommodation
2023-12-29,Withdrawal of accommodation
2024-01-01,Withdrawal of accommodation
2024-01-02,Withdrawal of accommodation
2024-01-03,Withdrawal of accommodation
2024-01-04,Withdrawal of accommodation
2024-01-05,Withdrawal of accommodation
2024-01-08,Withdrawal of accommodation
2024-01-09,Withdrawal of accommodation
2024-01-10,Withdrawal of accommodation
2024-01-11,Withdrawal of accommodation
2024-01-12,Withdrawal of accommodation
2024-01-15,Withdrawal of accommodation
2024-01-16,Withdrawal of accommodation
2024-01-17,Withdrawal of accommodation
2024-01-18,Withdrawal of accommodation
2024-01-19,Withdrawal of accommodation
2024-01-22,Withdrawal of accommodation
2024-01-23,Withdrawal of accommodation
2024-01-24,Withdrawal of accommodation
2024-01-25,Withdrawal of accommodation
2024-01-26,Withdrawal of accommodation
2024-01-29,Withdrawal of accommodation
2024-01-30,Withdrawal of accommodation
2024-01-31,Withdrawal of accommodation
2024-02-01,Withdrawal of accommodation
2024-02-02,Withdrawal of accommodation
2024-02-05,Withdrawal of accommodation
2024-02-06,Withdrawal of accommodation
2024-02-07,Withdrawal of accommodation
2024-02-08,Withdrawal of accommodation
2024-02-09,Withdrawal of accommodation
2024-02-12,Withdrawal of accommodation
2024-02-13,Withdrawal of accommodation
2024-02-14,Withdrawal of accommodation
2024-02-15,Withdrawal of accommodation
2024-02-16,Withdrawal of accommodation
2024-02-19,Withdrawal of accommodation
2024-02-20,Withdrawal of accommodation
2024-02-21,Withdrawal of accommodation
2024-02-22,Withdrawal of accommodation
2024-02-23,Withdrawal of accommodation
2024-02-26,Withdrawal of accommodation
2024-02-27,Withdrawal of accommodation
2024-02-28,Withdrawal of accommodation
2024-02-29,Withdrawal of accommodation
2024-03-01,Withdrawal of accommodation
2024-03-04,Withdrawal of accommodation
2024-03-05,Withdrawal of accommodation
2024-03-06,Withdrawal of accommodation
2024-03-07,Withdrawal of accommodation
2024-03-08,Withdrawal of accommodation
2024-03-11,Withdrawal of accommodation
2024-03-12,Withdrawal of accommodation
2024-03-13,Withdrawal of accommodation
2024-03-14,Withdrawal of accommodation
2024-03-15,Withdrawal of accommodation
2024-03-18,Withdrawal of accommodation
2024-03-19,Withdrawal of accommodation
2024-03-20,Withdrawal of accommodation
2024-03-21,Withdrawal of accommodation
2024-03-22,Withdrawal of accommodation
2024-03-25,Withdrawal of accommodation
2024-03-26,Withdrawal of accommodation
2024-03-27,Withdrawal of accommodation
2024-03-28,Withdrawal of accommodation
2024-03-29,Withdrawal of accommodation
2024-04-01,Withdrawal of accommodation
2024-04-02,Withdrawal of accommodation
2024-04-03,Withdrawal of accommodation
2024-04-04,Withdrawal of accommodation
2024-04-05,Withdrawal of accommodation
2024-04-08,Withdrawal of accommodation
2024-04-09,Withdrawal of accommodation
2024-04-10,Withdrawal of accommodation
2024-04-11,Withdrawal of accommodation
2024-04-12,Withdrawal of accommodation
2024-04-15,Withdrawal of accommodation
2024-04-16,Withdrawal of accommodation
2024-04-17,Withdrawal of accommodation
2024-04-18,Withdrawal of accommodation
2024-04-19,Withdrawal of accommodation
2024-04-22,Withdrawal of accommodation
2024-04-23,Withdrawal of accommodation
2024-04-24,Withdrawal of accommodation
2024-04-25,Withdrawal of accommodation
2024-04-26,Withdrawal of accommodation
2024-04-29,Withdrawal of accommodation
2024-04-30,Withdrawal of accommodation
2024-05-01,Withdrawal of accommodation
2024-05-02,Withdrawal of accommodation
2024-05-03,Withdrawal of accommodation
2024-05-06,Withdrawal of accommodation
2024-05-07,Withdrawal of accommodation
2024-05-08,Withdrawal of accommodation
2024-05-09,Withdrawal of accommodation
2024-05-10,Withdrawal of accommodation
2024-05-13,Withdrawal of accommodation
2024-05-14,Withdrawal of accommodation
2024-05-15,Withdrawal of accommodation
2024-05-16,Withdrawal of accommodation
2024-05-17,Withdrawal of accommodation
2024-05-20,Withdrawal of accommodation
2024-05-21,Withdrawal of accommodation
2024-05-22,Withdrawal of accommodation
2024-05-23,Withdrawal of accommodation
2024-05-24,Withdrawal of accommodation
2024-05-27,Withdrawal of accommodation
2024-05-28,Withdrawal of accommodation
2024-05-29,Withdrawal of accommodation
2024-05-30,Withdrawal of accommodation
2024-05-31,Withdrawal of accommodation
2024-06-03,Withdrawal of accommodation
2024-06-04,Withdrawal of accommodation
2024-06-05,Withdrawal of accommodation
2024-06-06,Withdrawal of accommodation
2024-06-07,Withdrawal of accommodation
2024-06-10,Withdrawal of accommodation
2024-06-11,Withdrawal of accommodation
2024-06-12,Withdrawal of accommodation
2024-06-13,Withdrawal of accommodation
2024-06-14,Withdrawal of accommodation
2024-06-17,Withdrawal of accommodation
2024-06-18,Withdrawal of accommodation
2024-06-19,Withdrawal of accommodation
2024-06-20,Withdrawal of accommodation
2024-06-21,Withdrawal of accommodation
2024-06-24,Withdrawal of accommodation
2024-06-25,Withdrawal of accommodation
2024-06-26,Withdrawal of accommodation
2024-06-27,Withdrawal of accommodation
2024-06-28,Withdrawal of accommodation
2024-07-01,Withdrawal of accommodation
2024-07-02,Withdrawal of accommodation
2024-07-03,Withdrawal of accommodation
2024-07-04,Withdrawal of accommodation
2024-07-05,Withdrawal of accommodation
2024-07-08,Withdrawal of accommodation
2024-07-09,Withdrawal of accommodation
2024-07-10,Withdrawal of accommodation
2024-07-11,Withdrawal of accommodation
2024-07-12,Withdrawal of accommodation
2024-07-15,Withdrawal of accommodation
2024-07-16,Withdrawal of accommodation
2024-07-17,Withdrawal of accommodation
2024-07-18,Withdrawal of accommodation
2024-07-19,Withdrawal of accommodation
2024-07-22,Withdrawal of accommodation
2024-07-23,Withdrawal of accommodation
2024-07-24,Withdrawal of accommodation
2024-07-25,Withdrawal of accommodation
2024-07-26,Withdrawal of accommodation
2024-07-29,Withdrawal of accommodation
2024-07-30,Withdrawal of accommodation
2024-07-31,Withdrawal of accommodation
2024-08-01,Withdrawal of accommodation
2024-08-02,Withdrawal of accommodation
2024-08-05,Withdrawal of accommodation
2024-08-06,Withdrawal of accommodation
2024-08-07,Withdrawal of accommodation
2024-08-08,Withdrawal of accommodation
2024-08-09,Withdrawal of accommodation
2024-08-12,Withdrawal of accommodation
2024-08-13,Withdrawal of accommodation
2024-08-14,Withdrawal of accommodation
2024-08-15,Withdrawal of accommodation
2024-08-16,Withdrawal of accommodation
2024-08-19,Withdrawal of accommodation
2024-08-20,Withdrawal of accommodation
2024-08-21,Withdrawal of accommodation
2024-08-22,Withdrawal of accommodation
2024-08-23,Withdrawal of accommodation
2024-08-26,Withdrawal of accommodation
2024-08-27,Withdrawal of accommodation
2024-08-28,Withdrawal of accommodation
2024-08-29,Withdrawal of accommodation
2024-08-30,Withdrawal of accommodation
2024-09-02,Withdrawal of accommodation
2024-09-03,Withdrawal of accommodation
2024-09-04,Withdrawal of accommodation
2024-09-05,Withdrawal of accommodation
2024-09-06,Withdrawal of accommodation
2024-09-09,Withdrawal of accommodation
2024-09-10,Withdrawal of accommodation
2024-09-11,Withdrawal of accommodation
2024-09-12,Withdrawal of accommodation
2024-09-13,Withdrawal of accommodation
2024-09-16,Withdrawal of accommodation
2024-09-17,Withdrawal of accommodation
2024-09-18,Withdrawal of accommodation
2024-09-19,Withdrawal of accommodation
2024-09-20,Withdrawal of accommodation
2024-09-23,Withdrawal of accommodation
2024-09-24,Withdrawal of accommodation
2024-09-25,Withdrawal of accommodation
2024-09-26,Withdrawal of accommodation
2024-09-27,Withdrawal of accommodation
2024-09-30,Withdrawal of accommodation
2024-10-01,Withdrawal of accommodation
2024-10-02,Withdrawal of accommodation
2024-10-03,Withdrawal of accommodation
2024-10-04,Withdrawal of accommodation
2024-10-07,Withdrawal of accommodation
2024-10-08,Withdrawal of accommodation
2024-10-09,Neutral
2024-10-10,Neutral
2024-10-11,Neutral
2024-10-14,Neutral
2024-10-15,Neutral
2024-10-16,Neutral
2024-10-17,Neutral
2024-10-18,Neutral
2024-10-21,Neutral
2024-10-22,Neutral
2024-10-23,Neutral
2024-10-24,Neutral
2024-10-25,Neutral
2024-10-28,Neutral
2024-10-29,Neutral
2024-10-30,Neutral
2024-10-31,Neutral
2024-11-01,Neutral
2024-11-04,Neutral
2024-11-05,Neutral
2024-11-06,Neutral
2024-11-07,Neutral
2024-11-08,Neutral
2024-11-11,Neutral
2024-11-12,Neutral
2024-11-13,Neutral
2024-11-14,Neutral
2024-11-15,Neutral
2024-11-18,Neutral
2024-11-19,Neutral
2024-11-20,Neutral
2024-11-21,Neutral
2024-11-22,Neutral
2024-11-25,Neutral
2024-11-26,Neutral
2024-11-27,Neutral
2024-11-28,Neutral
2024-11-29,Neutral
2024-12-02,Neutral
2024-12-03,Neutral
2024-12-04,Neutral
2024-12-05,Neutral
2024-12-06,Neutral
2024-12-09,Neutral
2024-12-10,Neutral
2024-12-11,Neutral
2024-12-12,Neutral
2024-12-13,Neutral
2024-12-16,Neutral
2024-12-17,Neutral
2024-12-18,Neutral
2024-12-19,Neutral
2024-12-20,Neutral
2024-12-23,Neutral
2024-12-24,Neutral
2024-12-25,Neutral
2024-12-26,Neutral
2024-12-27,Neutral
2024-12-30,Neutral
2024-12-31,Neutral
2025-01-01,Neutral
2025-01-02,Neutral
2025-01-03,Neutral
2025-01-06,Neutral
2025-01-07,Neutral
2025-01-08,Neutral
2025-01-09,Neutral
2025-01-10,Neutral
2025-01-13,Neutral
2025-01-14,Neutral
2025-01-15,Neutral
2025-01-16,Neutral
2025-01-17,Neutral
2025-01-20,Neutral
2025-01-21,Neutral
2025-01-22,Neutral
2025-01-23,Neutral
2025-01-24,Neutral
2025-01-27,Neutral
2025-01-28,Neutral
2025-01-29,Neutral
2025-01-30,Neutral
2025-01-31,Neutral
2025-02-03,Neutral
2025-02-04,Neutral
2025-02-05,Neutral
2025-02-06,Neutral
2025-02-07,Neutral
2025-02-10,Neutral
2025-02-11,Neutral
2025-02-12,Neutral
2025-02-13,Neutral
2025-02-14,Neutral
2025-02-17,Neutral
2025-02-18,Neutral
2025-02-19,Neutral
2025-02-20,Neutral
2025-02-21,Neutral
2025-02-24,Neutral
2025-02-25,Neutral
2025-02-26,Neutral
2025-02-27,Neutral
2025-02-28,Neutral
2025-03-03,Neutral
2025-03-04,Neutral
2025-03-05,Neutral
2025-03-06,Neutral
2025-03-07,Neutral
2025-03-10,Neutral
2025-03-11,Neutral
2025-03-12,Neutral
2025-03-13,Neutral
2025-03-14,Neutral
2025-03-17,Neutral
2025-03-18,Neutral
2025-03-19,Neutral
2025-03-20,Neutral
2025-03-21,Neutral
2025-03-24,Neutral
2025-03-25,Neutral
2025-03-26,Neutral
2025-03-27,Neutral
2025-03-28,Neutral
2025-03-31,Neutral
2025-04-01,Neutral
2025-04-02,Neutral
2025-04-03,Neutral
2025-04-04,Neutral
2025-04-07,Neutral
2025-04-08,Neutral
2025-04-09,Accommodative
2025-04-10,Accommodative
2025-04-11,Accommodative
2025-04-14,Accommodative
2025-04-15,Accommodative
2025-04-16,Accommodative
2025-04-17,Accommodative
2025-04-18,Accommodative
2025-04-21,Accommodative
2025-04-22,Accommodative
2025-04-23,Accommodative
2025-04-24,Accommodative
2025-04-25,Accommodative
2025-04-28,Accommodative
2025-04-29,Accommodative
2025-04-30,Accommodative
2025-05-01,Accommodative
2025-05-02,Accommodative
2025-05-05,Accommodative
2025-05-06,Accommodative
2025-05-07,Accommodative
2025-05-08,Accommodative
2025-05-09,Accommodative
2025-05-12,Accommodative
2025-05-13,Accommodative
2025-05-14,Accommodative
2025-05-15,Accommodative
2025-05-16,Accommodative
2025-05-19,Accommodative
2025-05-20,Accommodative
2025-05-21,Accommodative
2025-05-22,Accommodative
2025-05-23,Accommodative
2025-05-26,Accommodative
2025-05-27,Accommodative
2025-05-28,Accommodative
2025-05-29,Accommodative
2025-05-30,Accommodative
2025-06-02,Accommodative
2025-06-03,Accommodative
2025-06-04,Accommodative
2025-06-05,Accommodative
2025-06-06,Accommodative
2025-06-09,Accommodative
2025-06-10,Accommodative
2025-06-11,Accommodative
2025-06-12,Accommodative
2025-06-13,Accommodative
2025-06-16,Accommodative
2025-06-17,Accommodative
2025-06-18,Accommodative
2025-06-19,Accommodative
2025-06-20,Accommodative
2025-06-23,Accommodative
2025-06-24,Accommodative
2025-06-25,Accommodative
2025-06-26,Accommodative
2025-06-27,Accommodative
2025-06-30,Accommodative
2025-07-01,Accommodative
2025-07-02,Accommodative
2025-07-03,Accommodative
2025-07-04,Accommodative
2025-07-07,Accommodative
2025-07-08,Accommodative
2025-07-09,Accommodative
2025-07-10,Accommodative
2025-07-11,Accommodative
2025-07-14,Accommodative
2025-07-15,Accommodative
2025-07-16,Accommodative
2025-07-17,Accommodative
2025-07-18,Accommodative
2025-07-21,Accommodative
2025-07-22,Accommodative
2025-07-23,Accommodative
2025-07-24,Accommodative
2025-07-25,Accommodative
2025-07-28,Accommodative
2025-07-29,Accommodative
2025-07-30,Accommodative
2025-07-31,Accommodative
2025-08-01,Accommodative
2025-08-04,Accommodative
2025-08-05,Accommodative
2025-08-06,Accommodative
2025-08-07,Accommodative
2025-08-08,Accommodative
2025-08-11,Accommodative
2025-08-12,Accommodative
2025-08-13,Accommodative
2025-08-14,Accommodative
2025-08-15,Accommodative
2025-08-18,Accommodative
2025-08-19,Accommodative
2025-08-20,Accommodative
2025-08-21,Accommodative
2025-08-22,Accommodative
2025-08-25,Accommodative
2025-08-26,Accommodative
2025-08-27,Accommodative
2025-08-28,Accommodative
2025-08-29,Accommodative
2025-09-01,Accommodative
2025-09-02,Accommodative
2025-09-03,Accommodative
2025-09-04,Accommodative
2025-09-05,Accommodative
2025-09-08,Accommodative
2025-09-09,Accommodative
2025-09-10,Accommodative
2025-09-11,Accommodative
2025-09-12,Accommodative
2025-09-15,Accommodative
2025-09-16,Accommodative
2025-09-17,Accommodative
2025-09-18,Accommodative
2025-09-19,Accommodative
2025-09-22,Accommodative
2025-09-23,Accommodative
2025-09-24,Accommodative
2025-09-25,Accommodative
2025-09-26,Accommodative
2025-09-29,Accommodative
2025-09-30,Accommodative
2025-10-01,Accommodative
2025-10-02,Accommodative
2025-10-03,Accommodative
2025-10-06,Accommodative
2025-10-07,Accommodative
2025-10-08,Accommodative
2025-10-09,Accommodative
2025-10-10,Accommodative
2025-10-13,Accommodative
2025-10-14,Accommodative
2025-10-15,Accommodative
2025-10-16,Accommodative
2025-10-17,Accommodative
2025-10-20,Accommodative
2025-10-21,Accommodative
2025-10-22,Accommodative
2025-10-23,Accommodative
2025-10-24,Accommodative
2025-10-27,Accommodative
2025-10-28,Accommodative
2025-10-29,Accommodative
2025-10-30,Accommodative
2025-10-31,Accommodative
2025-11-03,Accommodative
2025-11-04,Accommodative
2025-11-05,Accommodative
2025-11-06,Accommodative
2025-11-07,Accommodative
2025-11-10,Accommodative
2025-11-11,Accommodative
2025-11-12,Accommodative
2025-11-13,Accommodative
2025-11-14,Accommodative
2025-11-17,Accommodative
2025-11-18,Accommodative
2025-11-19,Accommodative
2025-11-20,Accommodative
2025-11-21,Accommodative
2025-11-24,Accommodative
2025-11-25,Accommodative
2025-11-26,Accommodative
2025-11-27,Accommodative
2025-11-28,Accommodative
2025-12-01,Accommodative
2025-12-02,Accommodative
2025-12-03,Accommodative
2025-12-04,Accommodative
2025-12-05,Accommodative
2025-12-08,Accommodative
2025-12-09,Accommodative
2025-12-10,Accommodative
2025-12-11,Accommodative
2025-12-12,Accommodative
2025-12-15,Accommodative
2025-12-16,Accommodative
2025-12-17,Accommodative
2025-12-18,Accommodative
2025-12-19,Accommodative
2025-12-22,Accommodative
2025-12-23,Accommodative
2025-12-24,Accommodative
2025-12-25,Accommodative
2025-12-26,Accommodative
2025-12-29,Accommodative
2025-12-30,Accommodative
2025-12-31,Accommodative
